mun_code,mun_name,mun_name_simple,mun_id,reg_map,reg_name
3106200,"BELO HORIZONTE","BELO HORIZONTE",13,"CENTRAL MINEIRA",Central
3100104,"ABADIA DOS DOURADOS","ABADIA DOS DOURADOS",491,"TRIÂNGULO MINEIRO/ALTO PARANAÍBA","Alto Paranaíba"
3100203,"ABAETÉ",ABAETE,1,"CENTRAL MINEIRA",Central
3100302,"ABRE CAMPO","ABRE CAMPO",159,"ZONA DA MATA",Mata
3100401,ACAIACA,ACAIACA,160,"ZONA DA MATA",Mata
3100500,"AÇUCENA",ACUCENA,752,"VALE DO RIO DOCE","Rio Doce"
3100609,"ÁGUA BOA","AGUA BOA",753,"VALE DO RIO DOCE","Rio Doce"
3100708,"ÁGUA COMPRIDA","AGUA COMPRIDA",456,"TRIÂNGULO MINEIRO/ALTO PARANAÍBA","Triângulo"
3100906,"ÁGUAS FORMOSAS","AGUAS FORMOSAS",686,JEQUITINHONHA,"Jequitinhonha / Mucuri"
3101003,"ÁGUAS VERMELHAS","AGUAS VERMELHAS",597,"NORTE DE MINAS","Norte de Minas"
3101102,"AIMORÉS",AIMORES,754,"VALE DO RIO DOCE","Rio Doce"
3101201,AIURUOCA,AIURUOCA,301,"SUL/SUDOESTE DE MINAS","Sul de Minas"
3101300,ALAGOA,ALAGOA,302,"SUL/SUDOESTE DE MINAS","Sul de Minas"
3101508,"ALÉM PARAÍBA","ALEM PARAIBA",161,"ZONA DA MATA",Mata
3101607,ALFENAS,ALFENAS,304,"SUL/SUDOESTE DE MINAS","Sul de Minas"
3101631,"ALFREDO VASCONCELOS","ALFREDO VASCONCELOS",2,"CENTRAL MINEIRA",Central
3101706,ALMENARA,ALMENARA,687,JEQUITINHONHA,"Jequitinhonha / Mucuri"
3101805,ALPERCATA,ALPERCATA,755,"VALE DO RIO DOCE","Rio Doce"
3101904,"ALPINÓPOLIS",ALPINOPOLIS,305,"SUL/SUDOESTE DE MINAS","Sul de Minas"
3102001,ALTEROSA,ALTEROSA,306,"SUL/SUDOESTE DE MINAS","Sul de Minas"
3102100,"ALTO RIO DOCE","ALTO RIO DOCE",164,"ZONA DA MATA",Mata
3102209,ALVARENGA,ALVARENGA,756,"VALE DO RIO DOCE","Rio Doce"
3102308,"ALVINÓPOLIS",ALVINOPOLIS,3,"CENTRAL MINEIRA",Central
3102506,"AMPARO DO SERRA","AMPARO DO SERRA",165,"ZONA DA MATA",Mata
3102605,ANDRADAS,ANDRADAS,307,"SUL/SUDOESTE DE MINAS","Sul de Minas"
3102803,"ANDRELÂNDIA",ANDRELANDIA,308,"SUL/SUDOESTE DE MINAS","Sul de Minas"
3102902,"ANTÔNIO CARLOS","ANTONIO CARLOS",5,"CENTRAL MINEIRA",Central
3103009,"ANTÔNIO DIAS","ANTONIO DIAS",757,"VALE DO RIO DOCE","Rio Doce"
3103108,"ANTÔNIO PRADO DE MINAS","ANTONIO PRADO DE MINAS",166,"ZONA DA MATA",Mata
3103306,ARACITABA,ARACITABA,167,"ZONA DA MATA",Mata
3103405,"ARAÇUAÍ",ARACUAI,689,JEQUITINHONHA,"Jequitinhonha / Mucuri"
3103504,ARAGUARI,ARAGUARI,457,"TRIÂNGULO MINEIRO/ALTO PARANAÍBA","Triângulo"
3103603,ARANTINA,ARANTINA,309,"SUL/SUDOESTE DE MINAS","Sul de Minas"
3103702,ARAPONGA,ARAPONGA,168,"ZONA DA MATA",Mata
3103900,"ARAÚJOS",ARAUJOS,523,"OESTE DE MINAS","Centro Oeste"
3104007,"ARAXÁ",ARAXA,493,"TRIÂNGULO MINEIRO/ALTO PARANAÍBA","Alto Paranaíba"
3104106,ARCEBURGO,ARCEBURGO,310,"SUL/SUDOESTE DE MINAS","Sul de Minas"
3104205,ARCOS,ARCOS,524,"OESTE DE MINAS","Centro Oeste"
3104304,AREADO,AREADO,311,"SUL/SUDOESTE DE MINAS","Sul de Minas"
3104403,ARGIRITA,ARGIRITA,169,"ZONA DA MATA",Mata
3104452,ARICANDUVA,ARICANDUVA,690,JEQUITINHONHA,"Jequitinhonha / Mucuri"
3104502,ARINOS,ARINOS,578,"NOROESTE DE MINAS","Noroeste de Minas"
3104601,"ASTOLFO DUTRA","ASTOLFO DUTRA",170,"ZONA DA MATA",Mata
3104700,"ATALÉIA",ATALEIA,691,JEQUITINHONHA,"Jequitinhonha / Mucuri"
3104809,"AUGUSTO DE LIMA","AUGUSTO DE LIMA",7,"CENTRAL MINEIRA",Central
3104908,BAEPENDI,BAEPENDI,312,"SUL/SUDOESTE DE MINAS","Sul de Minas"
3105004,BALDIM,BALDIM,8,"CENTRAL MINEIRA",Central
3105103,"BAMBUÍ",BAMBUI,525,"OESTE DE MINAS","Centro Oeste"
3105301,"BANDEIRA DO SUL","BANDEIRA DO SUL",313,"SUL/SUDOESTE DE MINAS","Sul de Minas"
3105400,"BARÃO DE COCAIS","BARAO DE COCAIS",9,"CENTRAL MINEIRA",Central
3105509,"BARÃO DE MONTE ALTO","BARAO DE MONTE ALTO",171,"ZONA DA MATA",Mata
3105608,BARBACENA,BARBACENA,10,"CENTRAL MINEIRA",Central
3105707,"BARRA LONGA","BARRA LONGA",172,"ZONA DA MATA",Mata
3105905,BARROSO,BARROSO,11,"CENTRAL MINEIRA",Central
3106002,"BELA VISTA DE MINAS","BELA VISTA DE MINAS",12,"CENTRAL MINEIRA",Central
3106309,"BELO ORIENTE","BELO ORIENTE",758,"VALE DO RIO DOCE","Rio Doce"
3106408,"BELO VALE","BELO VALE",14,"CENTRAL MINEIRA",Central
3106507,BERILO,BERILO,693,JEQUITINHONHA,"Jequitinhonha / Mucuri"
3106655,BERIZAL,BERIZAL,598,"NORTE DE MINAS","Norte de Minas"
3106705,BETIM,BETIM,15,"CENTRAL MINEIRA",Central
3106804,"BIAS FORTES","BIAS FORTES",174,"ZONA DA MATA",Mata
3106903,BICAS,BICAS,175,"ZONA DA MATA",Mata
3107000,BIQUINHAS,BIQUINHAS,16,"CENTRAL MINEIRA",Central
3107109,"BOA ESPERANÇA","BOA ESPERANCA",314,"SUL/SUDOESTE DE MINAS","Sul de Minas"
3107307,"BOCAIÚVA",BOCAIUVA,599,"NORTE DE MINAS","Norte de Minas"
3107406,"BOM DESPACHO","BOM DESPACHO",526,"OESTE DE MINAS","Centro Oeste"
3107505,"BOM JARDIM DE MINAS","BOM JARDIM DE MINAS",316,"SUL/SUDOESTE DE MINAS","Sul de Minas"
3107703,"BOM JESUS DO AMPARO","BOM JESUS DO AMPARO",17,"CENTRAL MINEIRA",Central
3107802,"BOM JESUS DO GALHO","BOM JESUS DO GALHO",759,"VALE DO RIO DOCE","Rio Doce"
3107901,"BOM REPOUSO","BOM REPOUSO",318,"SUL/SUDOESTE DE MINAS","Sul de Minas"
3108008,"BOM SUCESSO","BOM SUCESSO",527,"OESTE DE MINAS","Centro Oeste"
3108107,BONFIM,BONFIM,18,"CENTRAL MINEIRA",Central
3108206,"BONFINÓPOLIS DE MINAS","BONFINOPOLIS DE MINAS",579,"NOROESTE DE MINAS","Noroeste de Minas"
3108305,"BORDA DA MATA","BORDA DA MATA",319,"SUL/SUDOESTE DE MINAS","Sul de Minas"
3108404,BOTELHOS,BOTELHOS,320,"SUL/SUDOESTE DE MINAS","Sul de Minas"
3108503,BOTUMIRIM,BOTUMIRIM,601,"NORTE DE MINAS","Norte de Minas"
3108602,"BRASÍLIA DE MINAS","BRASILIA DE MINAS",602,"NORTE DE MINAS","Norte de Minas"
3108701,"BRÁS PIRES","BRAS PIRES",176,"ZONA DA MATA",Mata
3108800,"BRAÚNAS",BRAUNAS,760,"VALE DO RIO DOCE","Rio Doce"
3108909,"BRASÓPOLIS",BRASOPOLIS,321,"SUL/SUDOESTE DE MINAS","Sul de Minas"
3109006,BRUMADINHO,BRUMADINHO,19,"CENTRAL MINEIRA",Central
3109105,"BUENO BRANDÃO","BUENO BRANDAO",322,"SUL/SUDOESTE DE MINAS","Sul de Minas"
3109204,"BUENÓPOLIS",BUENOPOLIS,20,"CENTRAL MINEIRA",Central
3109253,BUGRE,BUGRE,761,"VALE DO RIO DOCE","Rio Doce"
3109303,BURITIS,BURITIS,581,"NOROESTE DE MINAS","Noroeste de Minas"
3109402,BURITIZEIRO,BURITIZEIRO,603,"NORTE DE MINAS","Norte de Minas"
3109501,"CABO VERDE","CABO VERDE",323,"SUL/SUDOESTE DE MINAS","Sul de Minas"
3109600,"CACHOEIRA DA PRATA","CACHOEIRA DA PRATA",21,"CENTRAL MINEIRA",Central
3109709,"CACHOEIRA DE MINAS","CACHOEIRA DE MINAS",324,"SUL/SUDOESTE DE MINAS","Sul de Minas"
3109808,"CACHOEIRA DOURADA","CACHOEIRA DOURADA",459,"TRIÂNGULO MINEIRO/ALTO PARANAÍBA","Triângulo"
3109907,"CAETANÓPOLIS",CAETANOPOLIS,22,"CENTRAL MINEIRA",Central
3110004,"CAETÉ",CAETE,23,"CENTRAL MINEIRA",Central
3110103,CAIANA,CAIANA,177,"ZONA DA MATA",Mata
3110202,CAJURI,CAJURI,178,"ZONA DA MATA",Mata
3110301,CALDAS,CALDAS,325,"SUL/SUDOESTE DE MINAS","Sul de Minas"
3110509,CAMANDUCAIA,CAMANDUCAIA,326,"SUL/SUDOESTE DE MINAS","Sul de Minas"
3110608,"CAMBUÍ",CAMBUI,327,"SUL/SUDOESTE DE MINAS","Sul de Minas"
3110707,CAMBUQUIRA,CAMBUQUIRA,328,"SUL/SUDOESTE DE MINAS","Sul de Minas"
3110905,CAMPANHA,CAMPANHA,329,"SUL/SUDOESTE DE MINAS","Sul de Minas"
3111002,CAMPESTRE,CAMPESTRE,330,"SUL/SUDOESTE DE MINAS","Sul de Minas"
3111101,"CAMPINA VERDE","CAMPINA VERDE",460,"TRIÂNGULO MINEIRO/ALTO PARANAÍBA","Triângulo"
3111150,"CAMPO AZUL","CAMPO AZUL",604,"NORTE DE MINAS","Norte de Minas"
3111200,"CAMPO BELO","CAMPO BELO",529,"OESTE DE MINAS","Centro Oeste"
3111309,"CAMPO DO MEIO","CAMPO DO MEIO",331,"SUL/SUDOESTE DE MINAS","Sul de Minas"
3111408,"CAMPO FLORIDO","CAMPO FLORIDO",461,"TRIÂNGULO MINEIRO/ALTO PARANAÍBA","Triângulo"
3111507,"CAMPOS ALTOS","CAMPOS ALTOS",494,"TRIÂNGULO MINEIRO/ALTO PARANAÍBA","Alto Paranaíba"
3111606,"CAMPOS GERAIS","CAMPOS GERAIS",332,"SUL/SUDOESTE DE MINAS","Sul de Minas"
3111705,"CANAÃ",CANAA,179,"ZONA DA MATA",Mata
3111804,"CANÁPOLIS",CANAPOLIS,462,"TRIÂNGULO MINEIRO/ALTO PARANAÍBA","Triângulo"
3111903,"CANA VERDE","CANA VERDE",530,"OESTE DE MINAS","Centro Oeste"
3112000,CANDEIAS,CANDEIAS,531,"OESTE DE MINAS","Centro Oeste"
3112059,CANTAGALO,CANTAGALO,763,"VALE DO RIO DOCE","Rio Doce"
3112109,"CAPARAÓ",CAPARAO,180,"ZONA DA MATA",Mata
3112208,"CAPELA NOVA","CAPELA NOVA",24,"CENTRAL MINEIRA",Central
3112307,CAPELINHA,CAPELINHA,696,JEQUITINHONHA,"Jequitinhonha / Mucuri"
3112406,CAPETINGA,CAPETINGA,333,"SUL/SUDOESTE DE MINAS","Sul de Minas"
3112505,"CAPIM BRANCO","CAPIM BRANCO",25,"CENTRAL MINEIRA",Central
3112604,"CAPINÓPOLIS",CAPINOPOLIS,463,"TRIÂNGULO MINEIRO/ALTO PARANAÍBA","Triângulo"
3112703,"CAPITÃO ENÉAS","CAPITAO ENEAS",605,"NORTE DE MINAS","Norte de Minas"
3112802,"CAPITÓLIO",CAPITOLIO,334,"SUL/SUDOESTE DE MINAS","Sul de Minas"
3112901,CAPUTIRA,CAPUTIRA,181,"ZONA DA MATA",Mata
3113008,"CARAÍ",CARAI,697,JEQUITINHONHA,"Jequitinhonha / Mucuri"
3113107,"CARANAÍBA",CARANAIBA,26,"CENTRAL MINEIRA",Central
3113206,"CARANDAÍ",CARANDAI,27,"CENTRAL MINEIRA",Central
3113305,CARANGOLA,CARANGOLA,182,"ZONA DA MATA",Mata
3113404,CARATINGA,CARATINGA,765,"VALE DO RIO DOCE","Rio Doce"
3113503,CARBONITA,CARBONITA,698,JEQUITINHONHA,"Jequitinhonha / Mucuri"
3113602,"CAREAÇU",CAREACU,335,"SUL/SUDOESTE DE MINAS","Sul de Minas"
3113701,"CARLOS CHAGAS","CARLOS CHAGAS",699,JEQUITINHONHA,"Jequitinhonha / Mucuri"
3113800,"CARMÉSIA",CARMESIA,766,"VALE DO RIO DOCE","Rio Doce"
3113909,"CARMO DA CACHOEIRA","CARMO DA CACHOEIRA",336,"SUL/SUDOESTE DE MINAS","Sul de Minas"
3114105,"CARMO DE MINAS","CARMO DE MINAS",337,"SUL/SUDOESTE DE MINAS","Sul de Minas"
3114204,"CARMO DO CAJURU","CARMO DO CAJURU",533,"OESTE DE MINAS","Centro Oeste"
3114303,"CARMO DO PARANAÍBA","CARMO DO PARANAIBA",495,"TRIÂNGULO MINEIRO/ALTO PARANAÍBA","Alto Paranaíba"
3114501,"CARMÓPOLIS DE MINAS","CARMOPOLIS DE MINAS",534,"OESTE DE MINAS","Centro Oeste"
3114600,CARRANCAS,CARRANCAS,339,"SUL/SUDOESTE DE MINAS","Sul de Minas"
3114709,"CARVALHÓPOLIS",CARVALHOPOLIS,340,"SUL/SUDOESTE DE MINAS","Sul de Minas"
3114808,CARVALHOS,CARVALHOS,341,"SUL/SUDOESTE DE MINAS","Sul de Minas"
3114907,"CASA GRANDE","CASA GRANDE",28,"CENTRAL MINEIRA",Central
3115003,"CASCALHO RICO","CASCALHO RICO",465,"TRIÂNGULO MINEIRO/ALTO PARANAÍBA","Triângulo"
3115102,"CÁSSIA",CASSIA,342,"SUL/SUDOESTE DE MINAS","Sul de Minas"
3115300,CATAGUASES,CATAGUASES,183,"ZONA DA MATA",Mata
3115409,"CATAS ALTAS DA NORUEGA","CATAS ALTAS DA NORUEGA",30,"CENTRAL MINEIRA",Central
3115508,CAXAMBU,CAXAMBU,343,"SUL/SUDOESTE DE MINAS","Sul de Minas"
3115607,"CEDRO DO ABAETÉ","CEDRO DO ABAETE",31,"CENTRAL MINEIRA",Central
3115706,"CENTRAL DE MINAS","CENTRAL DE MINAS",767,"VALE DO RIO DOCE","Rio Doce"
3115805,CENTRALINA,CENTRALINA,466,"TRIÂNGULO MINEIRO/ALTO PARANAÍBA","Triângulo"
3115904,"CHÁCARA",CHACARA,184,"ZONA DA MATA",Mata
3116001,"CHALÉ",CHALE,185,"ZONA DA MATA",Mata
3116159,"CHAPADA GAÚCHA","CHAPADA GAUCHA",607,"NORTE DE MINAS","Norte de Minas"
3116209,CHIADOR,CHIADOR,186,"ZONA DA MATA",Mata
3116308,"CIPOTÂNEA",CIPOTANEA,187,"ZONA DA MATA",Mata
3116407,CLARAVAL,CLARAVAL,344,"SUL/SUDOESTE DE MINAS","Sul de Minas"
3116506,"CLARO DOS POÇÕES","CLARO DOS POCOES",608,"NORTE DE MINAS","Norte de Minas"
3116605,"CLÁUDIO",CLAUDIO,535,"OESTE DE MINAS","Centro Oeste"
3116704,COIMBRA,COIMBRA,188,"ZONA DA MATA",Mata
3116803,COLUNA,COLUNA,768,"VALE DO RIO DOCE","Rio Doce"
3116902,"COMENDADOR GOMES","COMENDADOR GOMES",467,"TRIÂNGULO MINEIRO/ALTO PARANAÍBA","Triângulo"
3117009,COMERCINHO,COMERCINHO,702,JEQUITINHONHA,"Jequitinhonha / Mucuri"
3117108,"CONCEIÇÃO DA APARECIDA","CONCEICAO DA APARECIDA",345,"SUL/SUDOESTE DE MINAS","Sul de Minas"
3117405,"CONCEIÇÃO DE IPANEMA","CONCEICAO DE IPANEMA",769,"VALE DO RIO DOCE","Rio Doce"
3117504,"CONCEIÇÃO DO MATO DENTRO","CONCEICAO DO MATO DENTRO",33,"CENTRAL MINEIRA",Central
3117603,"CONCEIÇÃO DO PARÁ","CONCEICAO DO PARA",536,"OESTE DE MINAS","Centro Oeste"
3117702,"CONCEIÇÃO DO RIO VERDE","CONCEICAO DO RIO VERDE",347,"SUL/SUDOESTE DE MINAS","Sul de Minas"
3117836,"CÔNEGO MARINHO","CONEGO MARINHO",609,"NORTE DE MINAS","Norte de Minas"
3117876,CONFINS,CONFINS,34,"CENTRAL MINEIRA",Central
3117900,CONGONHAL,CONGONHAL,349,"SUL/SUDOESTE DE MINAS","Sul de Minas"
3118007,CONGONHAS,CONGONHAS,35,"CENTRAL MINEIRA",Central
3118106,"CONGONHAS DO NORTE","CONGONHAS DO NORTE",36,"CENTRAL MINEIRA",Central
3118205,CONQUISTA,CONQUISTA,469,"TRIÂNGULO MINEIRO/ALTO PARANAÍBA","Triângulo"
3118304,"CONSELHEIRO LAFAIETE","CONSELHEIRO LAFAIETE",37,"CENTRAL MINEIRA",Central
3118403,"CONSELHEIRO PENA","CONSELHEIRO PENA",770,"VALE DO RIO DOCE","Rio Doce"
3118502,"CONSOLAÇÃO",CONSOLACAO,350,"SUL/SUDOESTE DE MINAS","Sul de Minas"
3118601,CONTAGEM,CONTAGEM,38,"CENTRAL MINEIRA",Central
3118700,COQUEIRAL,COQUEIRAL,351,"SUL/SUDOESTE DE MINAS","Sul de Minas"
3118809,"CORAÇÃO DE JESUS","CORACAO DE JESUS",610,"NORTE DE MINAS","Norte de Minas"
3118908,CORDISBURGO,CORDISBURGO,39,"CENTRAL MINEIRA",Central
3119005,"CORDISLÂNDIA",CORDISLANDIA,352,"SUL/SUDOESTE DE MINAS","Sul de Minas"
3119104,CORINTO,CORINTO,40,"CENTRAL MINEIRA",Central
3119203,COROACI,COROACI,771,"VALE DO RIO DOCE","Rio Doce"
3119302,COROMANDEL,COROMANDEL,496,"TRIÂNGULO MINEIRO/ALTO PARANAÍBA","Alto Paranaíba"
3119401,"CORONEL FABRICIANO","CORONEL FABRICIANO",772,"VALE DO RIO DOCE","Rio Doce"
3119500,"CORONEL MURTA","CORONEL MURTA",703,JEQUITINHONHA,"Jequitinhonha / Mucuri"
3119609,"CORONEL PACHECO","CORONEL PACHECO",189,"ZONA DA MATA",Mata
3119708,"CORONEL XAVIER CHAVES","CORONEL XAVIER CHAVES",41,"CENTRAL MINEIRA",Central
3119906,"CÓRREGO DO BOM JESUS","CORREGO DO BOM JESUS",353,"SUL/SUDOESTE DE MINAS","Sul de Minas"
3120102,"COUTO DE MAGALHÃES DE MINAS","COUTO DE MAGALHAES DE MINAS",42,"CENTRAL MINEIRA",Central
3120201,CRISTAIS,CRISTAIS,539,"OESTE DE MINAS","Centro Oeste"
3120300,"CRISTÁLIA",CRISTALIA,611,"NORTE DE MINAS","Norte de Minas"
3120409,"CRISTIANO OTONI","CRISTIANO OTONI",43,"CENTRAL MINEIRA",Central
3120508,CRISTINA,CRISTINA,354,"SUL/SUDOESTE DE MINAS","Sul de Minas"
3120607,"CRUCILÂNDIA",CRUCILANDIA,44,"CENTRAL MINEIRA",Central
3120706,"CRUZEIRO DA FORTALEZA","CRUZEIRO DA FORTALEZA",497,"TRIÂNGULO MINEIRO/ALTO PARANAÍBA","Alto Paranaíba"
3120805,"CRUZÍLIA",CRUZILIA,355,"SUL/SUDOESTE DE MINAS","Sul de Minas"
3120870,"CURRAL DE DENTRO","CURRAL DE DENTRO",612,"NORTE DE MINAS","Norte de Minas"
3120904,CURVELO,CURVELO,45,"CENTRAL MINEIRA",Central
3121001,DATAS,DATAS,46,"CENTRAL MINEIRA",Central
3121209,"DELFINÓPOLIS",DELFINOPOLIS,357,"SUL/SUDOESTE DE MINAS","Sul de Minas"
3121308,DESCOBERTO,DESCOBERTO,190,"ZONA DA MATA",Mata
3121407,"DESTERRO DE ENTRE RIOS","DESTERRO DE ENTRE RIOS",47,"CENTRAL MINEIRA",Central
3121506,"DESTERRO DO MELO","DESTERRO DO MELO",48,"CENTRAL MINEIRA",Central
3121605,DIAMANTINA,DIAMANTINA,49,"CENTRAL MINEIRA",Central
3121803,"DIONÍSIO",DIONISIO,51,"CENTRAL MINEIRA",Central
3122009,DIVINO,DIVINO,192,"ZONA DA MATA",Mata
3122108,"DIVINO DAS LARANJEIRAS","DIVINO DAS LARANJEIRAS",775,"VALE DO RIO DOCE","Rio Doce"
3122207,"DIVINOLÂNDIA DE MINAS","DIVINOLANDIA DE MINAS",776,"VALE DO RIO DOCE","Rio Doce"
3122306,"DIVINÓPOLIS",DIVINOPOLIS,540,"OESTE DE MINAS","Centro Oeste"
3122355,"DIVISA ALEGRE","DIVISA ALEGRE",613,"NORTE DE MINAS","Norte de Minas"
3122454,"DIVISÓPOLIS",DIVISOPOLIS,705,JEQUITINHONHA,"Jequitinhonha / Mucuri"
3122470,"DOM BOSCO","DOM BOSCO",583,"NOROESTE DE MINAS","Noroeste de Minas"
3122504,"DOM CAVATI","DOM CAVATI",777,"VALE DO RIO DOCE","Rio Doce"
3122603,"DOM JOAQUIM","DOM JOAQUIM",52,"CENTRAL MINEIRA",Central
3122702,"DOM SILVÉRIO","DOM SILVERIO",193,"ZONA DA MATA",Mata
3122801,"DOM VIÇOSO","DOM VICOSO",359,"SUL/SUDOESTE DE MINAS","Sul de Minas"
3122900,"DONA EUSÉBIA","DONA EUSEBIA",194,"ZONA DA MATA",Mata
3123007,"DORES DE CAMPOS","DORES DE CAMPOS",53,"CENTRAL MINEIRA",Central
3123106,"DORES DE GUANHÃES","DORES DE GUANHAES",778,"VALE DO RIO DOCE","Rio Doce"
3123205,"DORES DO INDAIÁ","DORES DO INDAIA",541,"OESTE DE MINAS","Centro Oeste"
3123403,"DORESÓPOLIS",DORESOPOLIS,542,"OESTE DE MINAS","Centro Oeste"
3123502,DOURADOQUARA,DOURADOQUARA,498,"TRIÂNGULO MINEIRO/ALTO PARANAÍBA","Alto Paranaíba"
3123601,"ELÓI MENDES","ELOI MENDES",360,"SUL/SUDOESTE DE MINAS","Sul de Minas"
3123700,"ENGENHEIRO CALDAS","ENGENHEIRO CALDAS",779,"VALE DO RIO DOCE","Rio Doce"
3123809,"ENGENHEIRO NAVARRO","ENGENHEIRO NAVARRO",614,"NORTE DE MINAS","Norte de Minas"
3123858,"ENTRE FOLHAS","ENTRE FOLHAS",780,"VALE DO RIO DOCE","Rio Doce"
3123908,"ENTRE RIOS DE MINAS","ENTRE RIOS DE MINAS",54,"CENTRAL MINEIRA",Central
3124005,"ERVÁLIA",ERVALIA,197,"ZONA DA MATA",Mata
3124104,ESMERALDAS,ESMERALDAS,55,"CENTRAL MINEIRA",Central
3124203,"ESPERA FELIZ","ESPERA FELIZ",198,"ZONA DA MATA",Mata
3124302,ESPINOSA,ESPINOSA,615,"NORTE DE MINAS","Norte de Minas"
3124401,"ESPÍRITO SANTO DO DOURADO","ESPIRITO SANTO DO DOURADO",361,"SUL/SUDOESTE DE MINAS","Sul de Minas"
3124500,ESTIVA,ESTIVA,362,"SUL/SUDOESTE DE MINAS","Sul de Minas"
3124609,"ESTRELA DALVA","ESTRELA DALVA",199,"ZONA DA MATA",Mata
3124708,"ESTRELA DO INDAIÁ","ESTRELA DO INDAIA",543,"OESTE DE MINAS","Centro Oeste"
3124807,"ESTRELA DO SUL","ESTRELA DO SUL",499,"TRIÂNGULO MINEIRO/ALTO PARANAÍBA","Alto Paranaíba"
3124906,"EUGENÓPOLIS",EUGENOPOLIS,200,"ZONA DA MATA",Mata
3125002,"EWBANK DA CÂMARA","EWBANK DA CAMARA",201,"ZONA DA MATA",Mata
3125101,EXTREMA,EXTREMA,363,"SUL/SUDOESTE DE MINAS","Sul de Minas"
3125200,FAMA,FAMA,364,"SUL/SUDOESTE DE MINAS","Sul de Minas"
3125309,"FARIA LEMOS","FARIA LEMOS",202,"ZONA DA MATA",Mata
3125507,"SÃO GONÇALO DO RIO PRETO","SAO GONCALO DO RIO PRETO",141,"CENTRAL MINEIRA",Central
3125606,FELISBURGO,FELISBURGO,706,JEQUITINHONHA,"Jequitinhonha / Mucuri"
3125705,"FELIXLÂNDIA",FELIXLANDIA,57,"CENTRAL MINEIRA",Central
3125804,"FERNANDES TOURINHO","FERNANDES TOURINHO",781,"VALE DO RIO DOCE","Rio Doce"
3125903,FERROS,FERROS,58,"CENTRAL MINEIRA",Central
3125952,FERVEDOURO,FERVEDOURO,203,"ZONA DA MATA",Mata
3126000,FLORESTAL,FLORESTAL,59,"CENTRAL MINEIRA",Central
3126109,FORMIGA,FORMIGA,544,"OESTE DE MINAS","Centro Oeste"
3126208,FORMOSO,FORMOSO,584,"NOROESTE DE MINAS","Noroeste de Minas"
3126406,"FORTUNA DE MINAS","FORTUNA DE MINAS",60,"CENTRAL MINEIRA",Central
3126505,"FRANCISCO BADARÓ","FRANCISCO BADARO",707,JEQUITINHONHA,"Jequitinhonha / Mucuri"
3126604,"FRANCISCO DUMONT","FRANCISCO DUMONT",616,"NORTE DE MINAS","Norte de Minas"
3126703,"FRANCISCO SÁ","FRANCISCO SA",617,"NORTE DE MINAS","Norte de Minas"
3126901,"FREI INOCÊNCIO","FREI INOCENCIO",782,"VALE DO RIO DOCE","Rio Doce"
3127008,FRONTEIRA,FRONTEIRA,471,"TRIÂNGULO MINEIRO/ALTO PARANAÍBA","Triângulo"
3127057,"FRONTEIRA DOS VALES","FRONTEIRA DOS VALES",710,JEQUITINHONHA,"Jequitinhonha / Mucuri"
3127107,FRUTAL,FRUTAL,472,"TRIÂNGULO MINEIRO/ALTO PARANAÍBA","Triângulo"
3127206,"FUNILÂNDIA",FUNILANDIA,61,"CENTRAL MINEIRA",Central
3127339,GAMELEIRAS,GAMELEIRAS,619,"NORTE DE MINAS","Norte de Minas"
3127388,"GOIANÁ",GOIANA,204,"ZONA DA MATA",Mata
3127503,GONZAGA,GONZAGA,786,"VALE DO RIO DOCE","Rio Doce"
3127602,GOUVEIA,GOUVEIA,62,"CENTRAL MINEIRA",Central
3127701,"GOVERNADOR VALADARES","GOVERNADOR VALADARES",787,"VALE DO RIO DOCE","Rio Doce"
3127800,"GRÃO MOGOL","GRAO MOGOL",621,"NORTE DE MINAS","Norte de Minas"
3127909,GRUPIARA,GRUPIARA,500,"TRIÂNGULO MINEIRO/ALTO PARANAÍBA","Alto Paranaíba"
3128006,"GUANHÃES",GUANHAES,788,"VALE DO RIO DOCE","Rio Doce"
3128105,"GUAPÉ",GUAPE,367,"SUL/SUDOESTE DE MINAS","Sul de Minas"
3128204,GUARACIABA,GUARACIABA,205,"ZONA DA MATA",Mata
3128303,"GUARANÉSIA",GUARANESIA,368,"SUL/SUDOESTE DE MINAS","Sul de Minas"
3128402,GUARANI,GUARANI,206,"ZONA DA MATA",Mata
3128501,"GUARARÁ",GUARARA,207,"ZONA DA MATA",Mata
3128600,GUARDA-MOR,GUARDA-MOR,585,"NOROESTE DE MINAS","Noroeste de Minas"
3128709,"GUAXUPÉ",GUAXUPE,369,"SUL/SUDOESTE DE MINAS","Sul de Minas"
3128808,GUIDOVAL,GUIDOVAL,208,"ZONA DA MATA",Mata
3129004,GUIRICEMA,GUIRICEMA,209,"ZONA DA MATA",Mata
3129103,"GURINHATÃ",GURINHATA,473,"TRIÂNGULO MINEIRO/ALTO PARANAÍBA","Triângulo"
3129202,HELIODORA,HELIODORA,370,"SUL/SUDOESTE DE MINAS","Sul de Minas"
3129400,IBERTIOGA,IBERTIOGA,63,"CENTRAL MINEIRA",Central
3129509,"IBIÁ",IBIA,502,"TRIÂNGULO MINEIRO/ALTO PARANAÍBA","Alto Paranaíba"
3129707,IBIRACI,IBIRACI,371,"SUL/SUDOESTE DE MINAS","Sul de Minas"
3129806,"IBIRITÉ",IBIRITE,64,"CENTRAL MINEIRA",Central
3129905,"IBITIÚRA DE MINAS","IBITIURA DE MINAS",372,"SUL/SUDOESTE DE MINAS","Sul de Minas"
3130051,"ICARAÍ DE MINAS","ICARAI DE MINAS",625,"NORTE DE MINAS","Norte de Minas"
3130101,"IGARAPÉ",IGARAPE,65,"CENTRAL MINEIRA",Central
3130200,IGARATINGA,IGARATINGA,546,"OESTE DE MINAS","Centro Oeste"
3130309,IGUATAMA,IGUATAMA,547,"OESTE DE MINAS","Centro Oeste"
3130408,IJACI,IJACI,373,"SUL/SUDOESTE DE MINAS","Sul de Minas"
3130655,INDAIABIRA,INDAIABIRA,626,"NORTE DE MINAS","Norte de Minas"
3130705,"INDIANÓPOLIS",INDIANOPOLIS,474,"TRIÂNGULO MINEIRO/ALTO PARANAÍBA","Triângulo"
3130804,"INGAÍ",INGAI,376,"SUL/SUDOESTE DE MINAS","Sul de Minas"
3130903,INHAPIM,INHAPIM,791,"VALE DO RIO DOCE","Rio Doce"
3131000,"INHAÚMA",INHAUMA,66,"CENTRAL MINEIRA",Central
3131109,INIMUTABA,INIMUTABA,67,"CENTRAL MINEIRA",Central
3131208,IPANEMA,IPANEMA,793,"VALE DO RIO DOCE","Rio Doce"
3131307,IPATINGA,IPATINGA,794,"VALE DO RIO DOCE","Rio Doce"
3131406,"IPIAÇU",IPIACU,475,"TRIÂNGULO MINEIRO/ALTO PARANAÍBA","Triângulo"
3131604,"IRAÍ DE MINAS","IRAI DE MINAS",503,"TRIÂNGULO MINEIRO/ALTO PARANAÍBA","Alto Paranaíba"
3131703,ITABIRA,ITABIRA,68,"CENTRAL MINEIRA",Central
3131802,ITABIRINHA,"ITABIRINHA DE MANTENA",795,"VALE DO RIO DOCE","Rio Doce"
3131901,ITABIRITO,ITABIRITO,69,"CENTRAL MINEIRA",Central
3132008,ITACAMBIRA,ITACAMBIRA,627,"NORTE DE MINAS","Norte de Minas"
3132107,ITACARAMBI,ITACARAMBI,628,"NORTE DE MINAS","Norte de Minas"
3132206,ITAGUARA,ITAGUARA,70,"CENTRAL MINEIRA",Central
3132305,"ITAIPÉ",ITAIPE,711,JEQUITINHONHA,"Jequitinhonha / Mucuri"
3132404,"ITAJUBÁ",ITAJUBA,378,"SUL/SUDOESTE DE MINAS","Sul de Minas"
3132503,ITAMARANDIBA,ITAMARANDIBA,712,JEQUITINHONHA,"Jequitinhonha / Mucuri"
3132602,"ITAMARATI DE MINAS","ITAMARATI DE MINAS",210,"ZONA DA MATA",Mata
3132701,ITAMBACURI,ITAMBACURI,796,"VALE DO RIO DOCE","Rio Doce"
3132909,ITAMOGI,ITAMOGI,379,"SUL/SUDOESTE DE MINAS","Sul de Minas"
3133006,ITAMONTE,ITAMONTE,380,"SUL/SUDOESTE DE MINAS","Sul de Minas"
3133105,ITANHANDU,ITANHANDU,381,"SUL/SUDOESTE DE MINAS","Sul de Minas"
3133204,ITANHOMI,ITANHOMI,797,"VALE DO RIO DOCE","Rio Doce"
3133303,ITAOBIM,ITAOBIM,713,JEQUITINHONHA,"Jequitinhonha / Mucuri"
3133501,ITAPECERICA,ITAPECERICA,548,"OESTE DE MINAS","Centro Oeste"
3133709,"ITATIAIUÇU",ITATIAIUCU,72,"CENTRAL MINEIRA",Central
3133808,"ITAÚNA",ITAUNA,549,"OESTE DE MINAS","Centro Oeste"
3133907,ITAVERAVA,ITAVERAVA,73,"CENTRAL MINEIRA",Central
3134004,ITINGA,ITINGA,714,JEQUITINHONHA,"Jequitinhonha / Mucuri"
3134103,ITUETA,ITUETA,798,"VALE DO RIO DOCE","Rio Doce"
3134202,ITUIUTABA,ITUIUTABA,477,"TRIÂNGULO MINEIRO/ALTO PARANAÍBA","Triângulo"
3134301,ITUMIRIM,ITUMIRIM,384,"SUL/SUDOESTE DE MINAS","Sul de Minas"
3134400,ITURAMA,ITURAMA,478,"TRIÂNGULO MINEIRO/ALTO PARANAÍBA","Triângulo"
3134509,ITUTINGA,ITUTINGA,385,"SUL/SUDOESTE DE MINAS","Sul de Minas"
3134608,JABOTICATUBAS,JABOTICATUBAS,74,"CENTRAL MINEIRA",Central
3134707,JACINTO,JACINTO,715,JEQUITINHONHA,"Jequitinhonha / Mucuri"
3134806,"JACUÍ",JACUI,386,"SUL/SUDOESTE DE MINAS","Sul de Minas"
3134905,JACUTINGA,JACUTINGA,387,"SUL/SUDOESTE DE MINAS","Sul de Minas"
3135050,"JAÍBA",JAIBA,629,"NORTE DE MINAS","Norte de Minas"
3135100,"JANAÚBA",JANAUBA,630,"NORTE DE MINAS","Norte de Minas"
3135209,"JANUÁRIA",JANUARIA,631,"NORTE DE MINAS","Norte de Minas"
3135357,JAPONVAR,JAPONVAR,632,"NORTE DE MINAS","Norte de Minas"
3135407,JECEABA,JECEABA,75,"CENTRAL MINEIRA",Central
3135456,"JENIPAPO DE MINAS","JENIPAPO DE MINAS",716,JEQUITINHONHA,"Jequitinhonha / Mucuri"
3135506,JEQUERI,JEQUERI,211,"ZONA DA MATA",Mata
3135605,"JEQUITAÍ",JEQUITAI,633,"NORTE DE MINAS","Norte de Minas"
3135704,"JEQUITIBÁ",JEQUITIBA,76,"CENTRAL MINEIRA",Central
3135803,JEQUITINHONHA,JEQUITINHONHA,717,JEQUITINHONHA,"Jequitinhonha / Mucuri"
3135902,"JESUÂNIA",JESUANIA,388,"SUL/SUDOESTE DE MINAS","Sul de Minas"
3136009,"JOAÍMA",JOAIMA,718,JEQUITINHONHA,"Jequitinhonha / Mucuri"
3136207,"JOÃO MONLEVADE","JOAO MONLEVADE",77,"CENTRAL MINEIRA",Central
3136306,"JOÃO PINHEIRO","JOAO PINHEIRO",586,"NOROESTE DE MINAS","Noroeste de Minas"
3136405,"JOAQUIM FELÍCIO","JOAQUIM FELICIO",78,"CENTRAL MINEIRA",Central
3136504,"JORDÂNIA",JORDANIA,719,JEQUITINHONHA,"Jequitinhonha / Mucuri"
3136553,"JOSÉ RAYDAN","JOSE RAYDAN",802,"VALE DO RIO DOCE","Rio Doce"
3136603,"NOVA UNIÃO","NOVA UNIAO",96,"CENTRAL MINEIRA",Central
3136652,JUATUBA,JUATUBA,79,"CENTRAL MINEIRA",Central
3136702,"JUIZ DE FORA","JUIZ DE FORA",212,"ZONA DA MATA",Mata
3136900,JURUAIA,JURUAIA,389,"SUL/SUDOESTE DE MINAS","Sul de Minas"
3136959,"JUVENÍLIA",JUVENILIA,636,"NORTE DE MINAS","Norte de Minas"
3137007,LADAINHA,LADAINHA,721,JEQUITINHONHA,"Jequitinhonha / Mucuri"
3137106,LAGAMAR,LAGAMAR,587,"NOROESTE DE MINAS","Noroeste de Minas"
3137205,"LAGOA DA PRATA","LAGOA DA PRATA",551,"OESTE DE MINAS","Centro Oeste"
3137304,"LAGOA DOS PATOS","LAGOA DOS PATOS",637,"NORTE DE MINAS","Norte de Minas"
3137403,"LAGOA DOURADA","LAGOA DOURADA",80,"CENTRAL MINEIRA",Central
3137502,"LAGOA FORMOSA","LAGOA FORMOSA",504,"TRIÂNGULO MINEIRO/ALTO PARANAÍBA","Alto Paranaíba"
3137601,"LAGOA SANTA","LAGOA SANTA",81,"CENTRAL MINEIRA",Central
3137700,LAJINHA,LAJINHA,213,"ZONA DA MATA",Mata
3137809,LAMBARI,LAMBARI,390,"SUL/SUDOESTE DE MINAS","Sul de Minas"
3138005,LARANJAL,LARANJAL,215,"ZONA DA MATA",Mata
3138104,LASSANCE,LASSANCE,638,"NORTE DE MINAS","Norte de Minas"
3138203,LAVRAS,LAVRAS,391,"SUL/SUDOESTE DE MINAS","Sul de Minas"
3138302,"LEANDRO FERREIRA","LEANDRO FERREIRA",552,"OESTE DE MINAS","Centro Oeste"
3138401,LEOPOLDINA,LEOPOLDINA,216,"ZONA DA MATA",Mata
3138500,LIBERDADE,LIBERDADE,392,"SUL/SUDOESTE DE MINAS","Sul de Minas"
3138609,"LIMA DUARTE","LIMA DUARTE",217,"ZONA DA MATA",Mata
3138658,LONTRA,LONTRA,639,"NORTE DE MINAS","Norte de Minas"
3138682,"LUISLÂNDIA",LUISLANDIA,640,"NORTE DE MINAS","Norte de Minas"
3138708,"LUMINÁRIAS",LUMINARIAS,393,"SUL/SUDOESTE DE MINAS","Sul de Minas"
3138807,LUZ,LUZ,553,"OESTE DE MINAS","Centro Oeste"
3138906,MACHACALIS,MACHACALIS,723,JEQUITINHONHA,"Jequitinhonha / Mucuri"
3139003,MACHADO,MACHADO,394,"SUL/SUDOESTE DE MINAS","Sul de Minas"
3139102,"MADRE DE DEUS DE MINAS","MADRE DE DEUS DE MINAS",82,"CENTRAL MINEIRA",Central
3139201,MALACACHETA,MALACACHETA,724,JEQUITINHONHA,"Jequitinhonha / Mucuri"
3139300,MANGA,MANGA,642,"NORTE DE MINAS","Norte de Minas"
3139409,"MANHUAÇU",MANHUACU,219,"ZONA DA MATA",Mata
3139508,MANHUMIRIM,MANHUMIRIM,220,"ZONA DA MATA",Mata
3139607,MANTENA,MANTENA,803,"VALE DO RIO DOCE","Rio Doce"
3139706,MARAVILHAS,MARAVILHAS,83,"CENTRAL MINEIRA",Central
3139805,"MAR DE ESPANHA","MAR DE ESPANHA",221,"ZONA DA MATA",Mata
3139904,"MARIA DA FÉ","MARIA DA FE",395,"SUL/SUDOESTE DE MINAS","Sul de Minas"
3140001,MARIANA,MARIANA,84,"CENTRAL MINEIRA",Central
3140100,MARILAC,MARILAC,804,"VALE DO RIO DOCE","Rio Doce"
3140209,"MARIPÁ DE MINAS","MARIPA DE MINAS",222,"ZONA DA MATA",Mata
3140308,"MARLIÉRIA",MARLIERIA,805,"VALE DO RIO DOCE","Rio Doce"
3140407,"MARMELÓPOLIS",MARMELOPOLIS,396,"SUL/SUDOESTE DE MINAS","Sul de Minas"
3140506,"MARTINHO CAMPOS","MARTINHO CAMPOS",554,"OESTE DE MINAS","Centro Oeste"
3140605,"MATERLÂNDIA",MATERLANDIA,806,"VALE DO RIO DOCE","Rio Doce"
3140704,"MATEUS LEME","MATEUS LEME",86,"CENTRAL MINEIRA",Central
3140803,"MATIAS BARBOSA","MATIAS BARBOSA",224,"ZONA DA MATA",Mata
3140902,"MATIPÓ",MATIPO,225,"ZONA DA MATA",Mata
3141009,"MATO VERDE","MATO VERDE",644,"NORTE DE MINAS","Norte de Minas"
3141108,MATOZINHOS,MATOZINHOS,87,"CENTRAL MINEIRA",Central
3141207,MATUTINA,MATUTINA,505,"TRIÂNGULO MINEIRO/ALTO PARANAÍBA","Alto Paranaíba"
3141405,MEDINA,MEDINA,726,JEQUITINHONHA,"Jequitinhonha / Mucuri"
3141504,"MENDES PIMENTEL","MENDES PIMENTEL",808,"VALE DO RIO DOCE","Rio Doce"
3141603,"MERCÊS",MERCES,226,"ZONA DA MATA",Mata
3141702,MESQUITA,MESQUITA,809,"VALE DO RIO DOCE","Rio Doce"
3141801,"MINAS NOVAS","MINAS NOVAS",727,JEQUITINHONHA,"Jequitinhonha / Mucuri"
3141900,MINDURI,MINDURI,397,"SUL/SUDOESTE DE MINAS","Sul de Minas"
3142007,MIRABELA,MIRABELA,645,"NORTE DE MINAS","Norte de Minas"
3142106,MIRADOURO,MIRADOURO,227,"ZONA DA MATA",Mata
3142205,"MIRAÍ",MIRAI,228,"ZONA DA MATA",Mata
3142254,"MIRAVÂNIA",MIRAVANIA,646,"NORTE DE MINAS","Norte de Minas"
3142304,MOEDA,MOEDA,88,"CENTRAL MINEIRA",Central
3142403,MOEMA,MOEMA,556,"OESTE DE MINAS","Centro Oeste"
3142502,MONJOLOS,MONJOLOS,89,"CENTRAL MINEIRA",Central
3142601,"MONSENHOR PAULO","MONSENHOR PAULO",398,"SUL/SUDOESTE DE MINAS","Sul de Minas"
3142700,"MONTALVÂNIA",MONTALVANIA,647,"NORTE DE MINAS","Norte de Minas"
3142809,"MONTE ALEGRE DE MINAS","MONTE ALEGRE DE MINAS",480,"TRIÂNGULO MINEIRO/ALTO PARANAÍBA","Triângulo"
3142908,"MONTE AZUL","MONTE AZUL",648,"NORTE DE MINAS","Norte de Minas"
3143005,"MONTE BELO","MONTE BELO",399,"SUL/SUDOESTE DE MINAS","Sul de Minas"
3143104,"MONTE CARMELO","MONTE CARMELO",506,"TRIÂNGULO MINEIRO/ALTO PARANAÍBA","Alto Paranaíba"
3143153,"MONTE FORMOSO","MONTE FORMOSO",728,JEQUITINHONHA,"Jequitinhonha / Mucuri"
3143203,"MONTE SANTO DE MINAS","MONTE SANTO DE MINAS",400,"SUL/SUDOESTE DE MINAS","Sul de Minas"
3143302,"MONTES CLAROS","MONTES CLAROS",649,"NORTE DE MINAS","Norte de Minas"
3143401,"MONTE SIÃO","MONTE SIAO",401,"SUL/SUDOESTE DE MINAS","Sul de Minas"
3143450,MONTEZUMA,MONTEZUMA,650,"NORTE DE MINAS","Norte de Minas"
3143500,"MORADA NOVA DE MINAS","MORADA NOVA DE MINAS",90,"CENTRAL MINEIRA",Central
3143609,"MORRO DA GARÇA","MORRO DA GARCA",91,"CENTRAL MINEIRA",Central
3143708,"MORRO DO PILAR","MORRO DO PILAR",92,"CENTRAL MINEIRA",Central
3143807,MUNHOZ,MUNHOZ,402,"SUL/SUDOESTE DE MINAS","Sul de Minas"
3143906,"MURIAÉ",MURIAE,229,"ZONA DA MATA",Mata
3144003,MUTUM,MUTUM,810,"VALE DO RIO DOCE","Rio Doce"
3144102,MUZAMBINHO,MUZAMBINHO,403,"SUL/SUDOESTE DE MINAS","Sul de Minas"
3144201,"NACIP RAYDAN","NACIP RAYDAN",811,"VALE DO RIO DOCE","Rio Doce"
3144300,NANUQUE,NANUQUE,729,JEQUITINHONHA,"Jequitinhonha / Mucuri"
3144359,NAQUE,NAQUE,812,"VALE DO RIO DOCE","Rio Doce"
3144409,"NATÉRCIA",NATERCIA,404,"SUL/SUDOESTE DE MINAS","Sul de Minas"
3144508,NAZARENO,NAZARENO,93,"CENTRAL MINEIRA",Central
3144607,NEPOMUCENO,NEPOMUCENO,405,"SUL/SUDOESTE DE MINAS","Sul de Minas"
3144706,"NOVA ERA","NOVA ERA",94,"CENTRAL MINEIRA",Central
3144805,"NOVA LIMA","NOVA LIMA",95,"CENTRAL MINEIRA",Central
3144904,"NOVA MÓDICA","NOVA MODICA",814,"VALE DO RIO DOCE","Rio Doce"
3145000,"NOVA PONTE","NOVA PONTE",507,"TRIÂNGULO MINEIRO/ALTO PARANAÍBA","Alto Paranaíba"
3145059,"NOVA PORTEIRINHA","NOVA PORTEIRINHA",652,"NORTE DE MINAS","Norte de Minas"
3145109,"NOVA RESENDE","NOVA RESENDE",406,"SUL/SUDOESTE DE MINAS","Sul de Minas"
3145208,"NOVA SERRANA","NOVA SERRANA",557,"OESTE DE MINAS","Centro Oeste"
3145307,"NOVO CRUZEIRO","NOVO CRUZEIRO",730,JEQUITINHONHA,"Jequitinhonha / Mucuri"
3145372,NOVORIZONTE,NOVORIZONTE,653,"NORTE DE MINAS","Norte de Minas"
3145406,OLARIA,OLARIA,230,"ZONA DA MATA",Mata
3145455,"OLHOS-D'ÁGUA",OLHOS-DAGUA,654,"NORTE DE MINAS","Norte de Minas"
3145505,"OLÍMPIO NORONHA","OLIMPIO NORONHA",407,"SUL/SUDOESTE DE MINAS","Sul de Minas"
3145604,OLIVEIRA,OLIVEIRA,558,"OESTE DE MINAS","Centro Oeste"
3145703,"OLIVEIRA FORTES","OLIVEIRA FORTES",231,"ZONA DA MATA",Mata
3145802,"ONÇA DE PITANGUI","ONCA DE PITANGUI",97,"CENTRAL MINEIRA",Central
3145901,"OURO BRANCO","OURO BRANCO",98,"CENTRAL MINEIRA",Central
3146008,"OURO FINO","OURO FINO",408,"SUL/SUDOESTE DE MINAS","Sul de Minas"
3146107,"OURO PRETO","OURO PRETO",99,"CENTRAL MINEIRA",Central
3146206,"OURO VERDE DE MINAS","OURO VERDE DE MINAS",732,JEQUITINHONHA,"Jequitinhonha / Mucuri"
3146255,"PADRE CARVALHO","PADRE CARVALHO",655,"NORTE DE MINAS","Norte de Minas"
3146305,"PADRE PARAÍSO","PADRE PARAISO",733,JEQUITINHONHA,"Jequitinhonha / Mucuri"
3146404,PAINEIRAS,PAINEIRAS,100,"CENTRAL MINEIRA",Central
3146602,PAIVA,PAIVA,234,"ZONA DA MATA",Mata
3146701,PALMA,PALMA,235,"ZONA DA MATA",Mata
3146750,"PALMÓPOLIS",PALMOPOLIS,734,JEQUITINHONHA,"Jequitinhonha / Mucuri"
3146909,PAPAGAIOS,PAPAGAIOS,101,"CENTRAL MINEIRA",Central
3147006,PARACATU,PARACATU,590,"NOROESTE DE MINAS","Noroeste de Minas"
3147105,"PARÁ DE MINAS","PARA DE MINAS",102,"CENTRAL MINEIRA",Central
3147204,"PARAGUAÇU",PARAGUACU,409,"SUL/SUDOESTE DE MINAS","Sul de Minas"
3147303,"PARAISÓPOLIS",PARAISOPOLIS,410,"SUL/SUDOESTE DE MINAS","Sul de Minas"
3147402,PARAOPEBA,PARAOPEBA,103,"CENTRAL MINEIRA",Central
3147501,"PASSABÉM",PASSABEM,104,"CENTRAL MINEIRA",Central
3147600,"PASSA QUATRO","PASSA QUATRO",411,"SUL/SUDOESTE DE MINAS","Sul de Minas"
3147907,PASSOS,PASSOS,413,"SUL/SUDOESTE DE MINAS","Sul de Minas"
3148004,"PATOS DE MINAS","PATOS DE MINAS",508,"TRIÂNGULO MINEIRO/ALTO PARANAÍBA","Alto Paranaíba"
3148103,"PATROCÍNIO",PATROCINIO,509,"TRIÂNGULO MINEIRO/ALTO PARANAÍBA","Alto Paranaíba"
3148202,"PATROCÍNIO DO MURIAÉ","PATROCINIO DO MURIAE",236,"ZONA DA MATA",Mata
3148301,"PAULA CÂNDIDO","PAULA CANDIDO",237,"ZONA DA MATA",Mata
3148400,PAULISTAS,PAULISTAS,815,"VALE DO RIO DOCE","Rio Doce"
3148509,"PAVÃO",PAVAO,735,JEQUITINHONHA,"Jequitinhonha / Mucuri"
3148608,"PEÇANHA",PECANHA,816,"VALE DO RIO DOCE","Rio Doce"
3148707,"PEDRA AZUL","PEDRA AZUL",736,JEQUITINHONHA,"Jequitinhonha / Mucuri"
3148806,"PEDRA DO ANTA","PEDRA DO ANTA",239,"ZONA DA MATA",Mata
3148905,"PEDRA DO INDAIÁ","PEDRA DO INDAIA",561,"OESTE DE MINAS","Centro Oeste"
3149002,"PEDRA DOURADA","PEDRA DOURADA",240,"ZONA DA MATA",Mata
3149101,PEDRALVA,PEDRALVA,414,"SUL/SUDOESTE DE MINAS","Sul de Minas"
3149150,"PEDRAS DE MARIA DA CRUZ","PEDRAS DE MARIA DA CRUZ",658,"NORTE DE MINAS","Norte de Minas"
3149309,"PEDRO LEOPOLDO","PEDRO LEOPOLDO",105,"CENTRAL MINEIRA",Central
3149408,"PEDRO TEIXEIRA","PEDRO TEIXEIRA",241,"ZONA DA MATA",Mata
3149507,PEQUERI,PEQUERI,242,"ZONA DA MATA",Mata
3149606,PEQUI,PEQUI,106,"CENTRAL MINEIRA",Central
3149705,"PERDIGÃO",PERDIGAO,562,"OESTE DE MINAS","Centro Oeste"
3149804,PERDIZES,PERDIZES,511,"TRIÂNGULO MINEIRO/ALTO PARANAÍBA","Alto Paranaíba"
3149903,"PERDÕES",PERDOES,563,"OESTE DE MINAS","Centro Oeste"
3149952,PERIQUITO,PERIQUITO,817,"VALE DO RIO DOCE","Rio Doce"
3150109,PIAU,PIAU,243,"ZONA DA MATA",Mata
3150158,"PIEDADE DE CARATINGA","PIEDADE DE CARATINGA",819,"VALE DO RIO DOCE","Rio Doce"
3150208,"PIEDADE DE PONTE NOVA","PIEDADE DE PONTE NOVA",244,"ZONA DA MATA",Mata
3150307,"PIEDADE DO RIO GRANDE","PIEDADE DO RIO GRANDE",107,"CENTRAL MINEIRA",Central
3150406,"PIEDADE DOS GERAIS","PIEDADE DOS GERAIS",108,"CENTRAL MINEIRA",Central
3150539,"PINGO-D'ÁGUA",PINGO-DAGUA,820,"VALE DO RIO DOCE","Rio Doce"
3150604,PIRACEMA,PIRACEMA,565,"OESTE DE MINAS","Centro Oeste"
3150802,PIRANGA,PIRANGA,245,"ZONA DA MATA",Mata
3151008,PIRANGUINHO,PIRANGUINHO,416,"SUL/SUDOESTE DE MINAS","Sul de Minas"
3151107,PIRAPETINGA,PIRAPETINGA,246,"ZONA DA MATA",Mata
3151206,PIRAPORA,PIRAPORA,660,"NORTE DE MINAS","Norte de Minas"
3151305,"PIRAÚBA",PIRAUBA,247,"ZONA DA MATA",Mata
3151404,PITANGUI,PITANGUI,109,"CENTRAL MINEIRA",Central
3151503,PIUMHI,PIUMHI,566,"OESTE DE MINAS","Centro Oeste"
3151602,PLANURA,PLANURA,482,"TRIÂNGULO MINEIRO/ALTO PARANAÍBA","Triângulo"
3151701,"POÇO FUNDO","POCO FUNDO",417,"SUL/SUDOESTE DE MINAS","Sul de Minas"
3151800,"POÇOS DE CALDAS","POCOS DE CALDAS",418,"SUL/SUDOESTE DE MINAS","Sul de Minas"
3151909,POCRANE,POCRANE,821,"VALE DO RIO DOCE","Rio Doce"
3152006,"POMPÉU",POMPEU,110,"CENTRAL MINEIRA",Central
3145000,"NOVA PONTE","PONTE NOVA",248,"ZONA DA MATA",Mata
3152131,"PONTO CHIQUE","PONTO CHIQUE",661,"NORTE DE MINAS","Norte de Minas"
3152170,"PONTO DOS VOLANTES","PONTO DOS VOLANTES",737,JEQUITINHONHA,"Jequitinhonha / Mucuri"
3152204,PORTEIRINHA,PORTEIRINHA,662,"NORTE DE MINAS","Norte de Minas"
3152303,"PORTO FIRME","PORTO FIRME",249,"ZONA DA MATA",Mata
3152402,"POTÉ",POTE,738,JEQUITINHONHA,"Jequitinhonha / Mucuri"
3152501,"POUSO ALEGRE","POUSO ALEGRE",419,"SUL/SUDOESTE DE MINAS","Sul de Minas"
3152600,"POUSO ALTO","POUSO ALTO",420,"SUL/SUDOESTE DE MINAS","Sul de Minas"
3152709,PRADOS,PRADOS,111,"CENTRAL MINEIRA",Central
3152808,PRATA,PRATA,483,"TRIÂNGULO MINEIRO/ALTO PARANAÍBA","Triângulo"
3152907,"PRATÁPOLIS",PRATAPOLIS,421,"SUL/SUDOESTE DE MINAS","Sul de Minas"
3153004,PRATINHA,PRATINHA,512,"TRIÂNGULO MINEIRO/ALTO PARANAÍBA","Alto Paranaíba"
3153103,"PRESIDENTE BERNARDES","PRESIDENTE BERNARDES",250,"ZONA DA MATA",Mata
3153202,"PRESIDENTE JUSCELINO","PRESIDENTE JUSCELINO",112,"CENTRAL MINEIRA",Central
3153301,"PRESIDENTE KUBITSCHEK","PRESIDENTE KUBITSCHEK",113,"CENTRAL MINEIRA",Central
3153400,"PRESIDENTE OLEGÁRIO","PRESIDENTE OLEGARIO",591,"NOROESTE DE MINAS","Noroeste de Minas"
3153509,"ALTO JEQUITIBÁ","ALTO JEQUITIBA",163,"ZONA DA MATA",Mata
3153608,"PRUDENTE DE MORAIS","PRUDENTE DE MORAIS",114,"CENTRAL MINEIRA",Central
3153707,"QUARTEL GERAL","QUARTEL GERAL",567,"OESTE DE MINAS","Centro Oeste"
3153806,QUELUZITO,QUELUZITO,115,"CENTRAL MINEIRA",Central
3153905,RAPOSOS,RAPOSOS,116,"CENTRAL MINEIRA",Central
3154002,"RAUL SOARES","RAUL SOARES",251,"ZONA DA MATA",Mata
3154101,RECREIO,RECREIO,252,"ZONA DA MATA",Mata
3154150,REDUTO,REDUTO,253,"ZONA DA MATA",Mata
3154200,"RESENDE COSTA","RESENDE COSTA",117,"CENTRAL MINEIRA",Central
3154309,RESPLENDOR,RESPLENDOR,822,"VALE DO RIO DOCE","Rio Doce"
3154408,RESSAQUINHA,RESSAQUINHA,118,"CENTRAL MINEIRA",Central
3154457,RIACHINHO,RIACHINHO,663,"NORTE DE MINAS","Norte de Minas"
3154507,"RIACHO DOS MACHADOS","RIACHO DOS MACHADOS",664,"NORTE DE MINAS","Norte de Minas"
3154606,"RIBEIRÃO DAS NEVES","RIBEIRAO DAS NEVES",119,"CENTRAL MINEIRA",Central
3154705,"RIBEIRÃO VERMELHO","RIBEIRAO VERMELHO",422,"SUL/SUDOESTE DE MINAS","Sul de Minas"
3154804,"RIO ACIMA","RIO ACIMA",120,"CENTRAL MINEIRA",Central
3154903,"RIO CASCA","RIO CASCA",254,"ZONA DA MATA",Mata
3155009,"RIO DOCE","RIO DOCE",255,"ZONA DA MATA",Mata
3155108,"RIO DO PRADO","RIO DO PRADO",739,JEQUITINHONHA,"Jequitinhonha / Mucuri"
3155207,"RIO ESPERA","RIO ESPERA",256,"ZONA DA MATA",Mata
3155306,"RIO MANSO","RIO MANSO",121,"CENTRAL MINEIRA",Central
3155405,"RIO NOVO","RIO NOVO",257,"ZONA DA MATA",Mata
3155504,"RIO PARANAÍBA","RIO PARANAIBA",513,"TRIÂNGULO MINEIRO/ALTO PARANAÍBA","Alto Paranaíba"
3155603,"RIO PARDO DE MINAS","RIO PARDO DE MINAS",665,"NORTE DE MINAS","Norte de Minas"
3155702,"RIO PIRACICABA","RIO PIRACICABA",122,"CENTRAL MINEIRA",Central
3155801,"RIO POMBA","RIO POMBA",258,"ZONA DA MATA",Mata
3155900,"RIO PRETO","RIO PRETO",259,"ZONA DA MATA",Mata
3156007,"RIO VERMELHO","RIO VERMELHO",123,"CENTRAL MINEIRA",Central
3156106,"RITÁPOLIS",RITAPOLIS,124,"CENTRAL MINEIRA",Central
3156205,"ROCHEDO DE MINAS","ROCHEDO DE MINAS",260,"ZONA DA MATA",Mata
3156304,RODEIRO,RODEIRO,261,"ZONA DA MATA",Mata
3156403,ROMARIA,ROMARIA,514,"TRIÂNGULO MINEIRO/ALTO PARANAÍBA","Alto Paranaíba"
3156452,"ROSÁRIO DA LIMEIRA","ROSARIO DA LIMEIRA",262,"ZONA DA MATA",Mata
3156502,RUBELITA,RUBELITA,666,"NORTE DE MINAS","Norte de Minas"
3156601,RUBIM,RUBIM,740,JEQUITINHONHA,"Jequitinhonha / Mucuri"
3156700,"SABARÁ",SABARA,125,"CENTRAL MINEIRA",Central
3156809,"SABINÓPOLIS",SABINOPOLIS,823,"VALE DO RIO DOCE","Rio Doce"
3156908,SACRAMENTO,SACRAMENTO,515,"TRIÂNGULO MINEIRO/ALTO PARANAÍBA","Alto Paranaíba"
3157005,SALINAS,SALINAS,667,"NORTE DE MINAS","Norte de Minas"
3157104,"SALTO DA DIVISA","SALTO DA DIVISA",741,JEQUITINHONHA,"Jequitinhonha / Mucuri"
3157203,"SANTA BÁRBARA","SANTA BARBARA",126,"CENTRAL MINEIRA",Central
3157278,"SANTA BÁRBARA DO MONTE VERDE","SANTA BARBARA DO MONTE VERDE",263,"ZONA DA MATA",Mata
3157302,"SANTA BÁRBARA DO TUGÚRIO","SANTA BARBARA DO TUGURIO",127,"CENTRAL MINEIRA",Central
3157336,"SANTA CRUZ DE MINAS","SANTA CRUZ DE MINAS",128,"CENTRAL MINEIRA",Central
3157401,"SANTA CRUZ DO ESCALVADO","SANTA CRUZ DO ESCALVADO",264,"ZONA DA MATA",Mata
3157500,"SANTA EFIGÊNIA DE MINAS","SANTA EFIGENIA DE MINAS",825,"VALE DO RIO DOCE","Rio Doce"
3157609,"SANTA FÉ DE MINAS","SANTA FE DE MINAS",669,"NORTE DE MINAS","Norte de Minas"
3157658,"SANTA HELENA DE MINAS","SANTA HELENA DE MINAS",742,JEQUITINHONHA,"Jequitinhonha / Mucuri"
3157708,"SANTA JULIANA","SANTA JULIANA",516,"TRIÂNGULO MINEIRO/ALTO PARANAÍBA","Alto Paranaíba"
3157807,"SANTA LUZIA","SANTA LUZIA",129,"CENTRAL MINEIRA",Central
3157906,"SANTA MARGARIDA","SANTA MARGARIDA",265,"ZONA DA MATA",Mata
3158003,"SANTA MARIA DE ITABIRA","SANTA MARIA DE ITABIRA",130,"CENTRAL MINEIRA",Central
3158102,"SANTA MARIA DO SALTO","SANTA MARIA DO SALTO",743,JEQUITINHONHA,"Jequitinhonha / Mucuri"
3158201,"SANTA MARIA DO SUAÇUÍ","SANTA MARIA DO SUACUI",826,"VALE DO RIO DOCE","Rio Doce"
3158300,"SANTANA DA VARGEM","SANTANA DA VARGEM",425,"SUL/SUDOESTE DE MINAS","Sul de Minas"
3158508,"SANTANA DE PIRAPAMA","SANTANA DE PIRAPAMA",131,"CENTRAL MINEIRA",Central
3158607,"SANTANA DO DESERTO","SANTANA DO DESERTO",269,"ZONA DA MATA",Mata
3158706,"SANTANA DO GARAMBÉU","SANTANA DO GARAMBEU",132,"CENTRAL MINEIRA",Central
3158805,"SANTANA DO JACARÉ","SANTANA DO JACARE",568,"OESTE DE MINAS","Centro Oeste"
3158904,"SANTANA DO MANHUAÇU","SANTANA DO MANHUACU",270,"ZONA DA MATA",Mata
3158953,"SANTANA DO PARAÍSO","SANTANA DO PARAISO",829,"VALE DO RIO DOCE","Rio Doce"
3159001,"SANTANA DO RIACHO","SANTANA DO RIACHO",133,"CENTRAL MINEIRA",Central
3159100,"SANTANA DOS MONTES","SANTANA DOS MONTES",134,"CENTRAL MINEIRA",Central
3159209,"SANTA RITA DE CALDAS","SANTA RITA DE CALDAS",423,"SUL/SUDOESTE DE MINAS","Sul de Minas"
3159308,"SANTA RITA DE JACUTINGA","SANTA RITA DE JACUTINGA",267,"ZONA DA MATA",Mata
3159357,"SANTA RITA DE MINAS","SANTA RITA DE MINAS",827,"VALE DO RIO DOCE","Rio Doce"
3159407,"SANTA RITA DE IBITIPOCA","SANTA RITA DE IBITIPOCA",266,"ZONA DA MATA",Mata
3159506,"SANTA RITA DO ITUETO","SANTA RITA DO ITUETO",828,"VALE DO RIO DOCE","Rio Doce"
3159605,"SANTA RITA DO SAPUCAÍ","SANTA RITA DO SAPUCAI",424,"SUL/SUDOESTE DE MINAS","Sul de Minas"
3159704,"SANTA ROSA DA SERRA","SANTA ROSA DA SERRA",517,"TRIÂNGULO MINEIRO/ALTO PARANAÍBA","Alto Paranaíba"
3159902,"SANTO ANTÔNIO DO AMPARO","SANTO ANTONIO DO AMPARO",569,"OESTE DE MINAS","Centro Oeste"
3160009,"SANTO ANTÔNIO DO AVENTUREIRO","SANTO ANTONIO DO AVENTUREIRO",271,"ZONA DA MATA",Mata
3160108,"SANTO ANTÔNIO DO GRAMA","SANTO ANTONIO DO GRAMA",272,"ZONA DA MATA",Mata
3160306,"SANTO ANTÔNIO DO JACINTO","SANTO ANTONIO DO JACINTO",744,JEQUITINHONHA,"Jequitinhonha / Mucuri"
3160405,"SANTO ANTÔNIO DO MONTE","SANTO ANTONIO DO MONTE",570,"OESTE DE MINAS","Centro Oeste"
3160454,"SANTO ANTÔNIO DO RETIRO","SANTO ANTONIO DO RETIRO",670,"NORTE DE MINAS","Norte de Minas"
3160603,"SANTO HIPÓLITO","SANTO HIPOLITO",137,"CENTRAL MINEIRA",Central
3160702,"SANTOS DUMONT","SANTOS DUMONT",273,"ZONA DA MATA",Mata
3160801,"SÃO BENTO ABADE","SAO BENTO ABADE",426,"SUL/SUDOESTE DE MINAS","Sul de Minas"
3161007,"SÃO DOMINGOS DO PRATA","SAO DOMINGOS DO PRATA",139,"CENTRAL MINEIRA",Central
3161106,"SÃO FRANCISCO","SAO FRANCISCO",671,"NORTE DE MINAS","Norte de Minas"
3161205,"SÃO FRANCISCO DE PAULA","SAO FRANCISCO DE PAULA",571,"OESTE DE MINAS","Centro Oeste"
3161304,"SÃO FRANCISCO DE SALES","SAO FRANCISCO DE SALES",485,"TRIÂNGULO MINEIRO/ALTO PARANAÍBA","Triângulo"
3161403,"SÃO FRANCISCO DO GLÓRIA","SAO FRANCISCO DO GLORIA",274,"ZONA DA MATA",Mata
3161601,"SÃO GERALDO DA PIEDADE","SAO GERALDO DA PIEDADE",832,"VALE DO RIO DOCE","Rio Doce"
3161650,"SÃO GERALDO DO BAIXIO","SAO GERALDO DO BAIXIO",833,"VALE DO RIO DOCE","Rio Doce"
3161700,"SÃO GONÇALO DO ABAETÉ","SAO GONCALO DO ABAETE",592,"NOROESTE DE MINAS","Noroeste de Minas"
3161809,"SÃO GONÇALO DO PARÁ","SAO GONCALO DO PARA",572,"OESTE DE MINAS","Centro Oeste"
3161908,"SÃO GONÇALO DO RIO ABAIXO","SAO GONCALO DO RIO ABAIXO",140,"CENTRAL MINEIRA",Central
3162005,"SÃO GONÇALO DO SAPUCAÍ","SAO GONCALO DO SAPUCAI",427,"SUL/SUDOESTE DE MINAS","Sul de Minas"
3162104,"SÃO GOTARDO","SAO GOTARDO",518,"TRIÂNGULO MINEIRO/ALTO PARANAÍBA","Alto Paranaíba"
3162203,"SÃO JOÃO BATISTA DO GLÓRIA","SAO JOAO BATISTA DO GLORIA",428,"SUL/SUDOESTE DE MINAS","Sul de Minas"
3162302,"SÃO JOÃO DA MATA","SAO JOAO DA MATA",429,"SUL/SUDOESTE DE MINAS","Sul de Minas"
3162401,"SÃO JOÃO DA PONTE","SAO JOAO DA PONTE",673,"NORTE DE MINAS","Norte de Minas"
3162500,"SÃO JOÃO DEL REI","SAO JOAO DEL REI",142,"CENTRAL MINEIRA",Central
3162575,"SÃO JOÃO DO MANTENINHA","SAO JOAO DO MANTENINHA",834,"VALE DO RIO DOCE","Rio Doce"
3162609,"SÃO JOÃO DO ORIENTE","SAO JOAO DO ORIENTE",835,"VALE DO RIO DOCE","Rio Doce"
3162708,"SÃO JOÃO DO PARAÍSO","SAO JOAO DO PARAISO",676,"NORTE DE MINAS","Norte de Minas"
3162807,"SÃO JOÃO EVANGELISTA","SAO JOAO EVANGELISTA",836,"VALE DO RIO DOCE","Rio Doce"
3162906,"SÃO JOÃO NEPOMUCENO","SAO JOAO NEPOMUCENO",277,"ZONA DA MATA",Mata
3162955,"SÃO JOSÉ DA LAPA","SAO JOSE DA LAPA",144,"CENTRAL MINEIRA",Central
3163003,"SÃO JOSÉ DA SAFIRA","SAO JOSE DA SAFIRA",837,"VALE DO RIO DOCE","Rio Doce"
3163102,"SÃO JOSÉ DA VARGINHA","SAO JOSE DA VARGINHA",145,"CENTRAL MINEIRA",Central
3163300,"SÃO JOSÉ DO DIVINO","SAO JOSE DO DIVINO",838,"VALE DO RIO DOCE","Rio Doce"
3163409,"SÃO JOSÉ DO GOIABAL","SAO JOSE DO GOIABAL",146,"CENTRAL MINEIRA",Central
3163508,"SÃO JOSÉ DO JACURI","SAO JOSE DO JACURI",839,"VALE DO RIO DOCE","Rio Doce"
3163706,"SÃO LOURENÇO","SAO LOURENCO",432,"SUL/SUDOESTE DE MINAS","Sul de Minas"
3163805,"SÃO MIGUEL DO ANTA","SAO MIGUEL DO ANTA",279,"ZONA DA MATA",Mata
3163904,"SÃO PEDRO DA UNIÃO","SAO PEDRO DA UNIAO",433,"SUL/SUDOESTE DE MINAS","Sul de Minas"
3164001,"SÃO PEDRO DOS FERROS","SAO PEDRO DOS FERROS",280,"ZONA DA MATA",Mata
3164100,"SÃO PEDRO DO SUAÇUÍ","SAO PEDRO DO SUACUI",840,"VALE DO RIO DOCE","Rio Doce"
3164209,"SÃO ROMÃO","SAO ROMAO",677,"NORTE DE MINAS","Norte de Minas"
3164308,"SÃO ROQUE DE MINAS","SAO ROQUE DE MINAS",573,"OESTE DE MINAS","Centro Oeste"
3164506,"SÃO SEBASTIÃO DO MARANHÃO","SAO SEBASTIAO DO MARANHAO",842,"VALE DO RIO DOCE","Rio Doce"
3164605,"SÃO SEBASTIÃO DO OESTE","SAO SEBASTIAO DO OESTE",574,"OESTE DE MINAS","Centro Oeste"
3164704,"SÃO SEBASTIÃO DO PARAÍSO","SAO SEBASTIAO DO PARAISO",435,"SUL/SUDOESTE DE MINAS","Sul de Minas"
3164803,"SÃO SEBASTIÃO DO RIO PRETO","SAO SEBASTIAO DO RIO PRETO",147,"CENTRAL MINEIRA",Central
3164902,"SÃO SEBASTIÃO DO RIO VERDE","SAO SEBASTIAO DO RIO VERDE",436,"SUL/SUDOESTE DE MINAS","Sul de Minas"
3165008,"SÃO TIAGO","SAO TIAGO",148,"CENTRAL MINEIRA",Central
3165107,"SÃO TOMÁS DE AQUINO","SAO TOMAS DE AQUINO",438,"SUL/SUDOESTE DE MINAS","Sul de Minas"
3165206,"SÃO THOMÉ DAS LETRAS","SAO THOME DAS LETRAS",437,"SUL/SUDOESTE DE MINAS","Sul de Minas"
3165305,"SÃO VICENTE DE MINAS","SAO VICENTE DE MINAS",439,"SUL/SUDOESTE DE MINAS","Sul de Minas"
3165404,"SAPUCAÍ-MIRIM",SAPUCAI-MIRIM,440,"SUL/SUDOESTE DE MINAS","Sul de Minas"
3165537,SARZEDO,SARZEDO,149,"CENTRAL MINEIRA",Central
3165602,"SENADOR CORTES","SENADOR CORTES",283,"ZONA DA MATA",Mata
3165701,"SENADOR FIRMINO","SENADOR FIRMINO",284,"ZONA DA MATA",Mata
3165909,"SENADOR MODESTINO GONÇALVES","SENADOR MODESTINO GONCALVES",150,"CENTRAL MINEIRA",Central
3166006,"SENHORA DE OLIVEIRA","SENHORA DE OLIVEIRA",285,"ZONA DA MATA",Mata
3166105,"SENHORA DO PORTO","SENHORA DO PORTO",844,"VALE DO RIO DOCE","Rio Doce"
3166204,"SENHORA DOS REMÉDIOS","SENHORA DOS REMEDIOS",151,"CENTRAL MINEIRA",Central
3166303,SERICITA,SERICITA,286,"ZONA DA MATA",Mata
3166402,SERITINGA,SERITINGA,443,"SUL/SUDOESTE DE MINAS","Sul de Minas"
3166600,"SERRA DA SAUDADE","SERRA DA SAUDADE",575,"OESTE DE MINAS","Centro Oeste"
3166709,"SERRA DOS AIMORÉS","SERRA DOS AIMORES",745,JEQUITINHONHA,"Jequitinhonha / Mucuri"
3166808,"SERRA DO SALITRE","SERRA DO SALITRE",519,"TRIÂNGULO MINEIRO/ALTO PARANAÍBA","Alto Paranaíba"
3166907,SERRANIA,SERRANIA,444,"SUL/SUDOESTE DE MINAS","Sul de Minas"
3166956,"SERRANÓPOLIS DE MINAS","SERRANOPOLIS DE MINAS",678,"NORTE DE MINAS","Norte de Minas"
3167103,SERRO,SERRO,153,"CENTRAL MINEIRA",Central
3167202,"SETE LAGOAS","SETE LAGOAS",154,"CENTRAL MINEIRA",Central
3167301,"SILVEIRÂNIA",SILVEIRANIA,287,"ZONA DA MATA",Mata
3167400,"SILVIANÓPOLIS",SILVIANOPOLIS,446,"SUL/SUDOESTE DE MINAS","Sul de Minas"
3167509,"SIMÃO PEREIRA","SIMAO PEREIRA",288,"ZONA DA MATA",Mata
3167608,"SIMONÉSIA",SIMONESIA,289,"ZONA DA MATA",Mata
3167707,"SOBRÁLIA",SOBRALIA,845,"VALE DO RIO DOCE","Rio Doce"
3167806,"SOLEDADE DE MINAS","SOLEDADE DE MINAS",447,"SUL/SUDOESTE DE MINAS","Sul de Minas"
3167905,TABULEIRO,TABULEIRO,290,"ZONA DA MATA",Mata
3168002,TAIOBEIRAS,TAIOBEIRAS,679,"NORTE DE MINAS","Norte de Minas"
3168101,TAPIRA,TAPIRA,520,"TRIÂNGULO MINEIRO/ALTO PARANAÍBA","Alto Paranaíba"
3168200,"TAPIRAÍ",TAPIRAI,576,"OESTE DE MINAS","Centro Oeste"
3168309,"TAQUARAÇU DE MINAS","TAQUARACU DE MINAS",155,"CENTRAL MINEIRA",Central
3168408,TARUMIRIM,TARUMIRIM,847,"VALE DO RIO DOCE","Rio Doce"
3168507,TEIXEIRAS,TEIXEIRAS,291,"ZONA DA MATA",Mata
3168606,"TEÓFILO OTONI","TEOFILO OTONI",747,JEQUITINHONHA,"Jequitinhonha / Mucuri"
3168705,"TIMÓTEO",TIMOTEO,848,"VALE DO RIO DOCE","Rio Doce"
3168804,TIRADENTES,TIRADENTES,156,"CENTRAL MINEIRA",Central
3168903,TIROS,TIROS,521,"TRIÂNGULO MINEIRO/ALTO PARANAÍBA","Alto Paranaíba"
3169000,TOCANTINS,TOCANTINS,292,"ZONA DA MATA",Mata
3169208,TOMBOS,TOMBOS,293,"ZONA DA MATA",Mata
3169307,"TRÊS CORAÇÕES","TRES CORACOES",450,"SUL/SUDOESTE DE MINAS","Sul de Minas"
3169356,"TRÊS MARIAS","TRES MARIAS",157,"CENTRAL MINEIRA",Central
3169406,"TRÊS PONTAS","TRES PONTAS",451,"SUL/SUDOESTE DE MINAS","Sul de Minas"
3169505,TUMIRITINGA,TUMIRITINGA,849,"VALE DO RIO DOCE","Rio Doce"
3169604,TUPACIGUARA,TUPACIGUARA,486,"TRIÂNGULO MINEIRO/ALTO PARANAÍBA","Triângulo"
3169703,TURMALINA,TURMALINA,748,JEQUITINHONHA,"Jequitinhonha / Mucuri"
3169802,"TURVOLÂNDIA",TURVOLANDIA,452,"SUL/SUDOESTE DE MINAS","Sul de Minas"
3169901,"UBÁ",UBA,294,"ZONA DA MATA",Mata
3170008,"UBAÍ",UBAI,680,"NORTE DE MINAS","Norte de Minas"
3170057,UBAPORANGA,UBAPORANGA,850,"VALE DO RIO DOCE","Rio Doce"
3170107,UBERABA,UBERABA,487,"TRIÂNGULO MINEIRO/ALTO PARANAÍBA","Triângulo"
3170206,"UBERLÂNDIA",UBERLANDIA,488,"TRIÂNGULO MINEIRO/ALTO PARANAÍBA","Triângulo"
3170305,UMBURATIBA,UMBURATIBA,749,JEQUITINHONHA,"Jequitinhonha / Mucuri"
3170404,"UNAÍ",UNAI,593,"NOROESTE DE MINAS","Noroeste de Minas"
3170479,"URUANA DE MINAS","URUANA DE MINAS",594,"NOROESTE DE MINAS","Noroeste de Minas"
3170503,"URUCÂNIA",URUCANIA,295,"ZONA DA MATA",Mata
3170529,URUCUIA,URUCUIA,681,"NORTE DE MINAS","Norte de Minas"
3170578,"VARGEM ALEGRE","VARGEM ALEGRE",851,"VALE DO RIO DOCE","Rio Doce"
3170651,"VARGEM GRANDE DO RIO PARDO","VARGEM GRANDE DO RIO PARDO",682,"NORTE DE MINAS","Norte de Minas"
3170701,VARGINHA,VARGINHA,453,"SUL/SUDOESTE DE MINAS","Sul de Minas"
3170750,"VARJÃO DE MINAS","VARJAO DE MINAS",595,"NOROESTE DE MINAS","Noroeste de Minas"
3170800,"VÁRZEA DA PALMA","VARZEA DA PALMA",683,"NORTE DE MINAS","Norte de Minas"
3170909,"VARZELÂNDIA",VARZELANDIA,684,"NORTE DE MINAS","Norte de Minas"
3171006,VAZANTE,VAZANTE,596,"NOROESTE DE MINAS","Noroeste de Minas"
3171030,"VERDELÂNDIA",VERDELANDIA,685,"NORTE DE MINAS","Norte de Minas"
3171105,"VERÍSSIMO",VERISSIMO,490,"TRIÂNGULO MINEIRO/ALTO PARANAÍBA","Triângulo"
3171154,"VERMELHO NOVO","VERMELHO NOVO",296,"ZONA DA MATA",Mata
3171204,VESPASIANO,VESPASIANO,158,"CENTRAL MINEIRA",Central
3171303,"VIÇOSA",VICOSA,297,"ZONA DA MATA",Mata
3171402,VIEIRAS,VIEIRAS,298,"ZONA DA MATA",Mata
3171501,"MATHIAS LOBATO","MATHIAS LOBATO",807,"VALE DO RIO DOCE","Rio Doce"
3171600,"VIRGEM DA LAPA","VIRGEM DA LAPA",751,JEQUITINHONHA,"Jequitinhonha / Mucuri"
3171709,"VIRGÍNIA",VIRGINIA,454,"SUL/SUDOESTE DE MINAS","Sul de Minas"
3171808,"VIRGINÓPOLIS",VIRGINOPOLIS,852,"VALE DO RIO DOCE","Rio Doce"
3171907,"VIRGOLÂNDIA",VIRGOLANDIA,853,"VALE DO RIO DOCE","Rio Doce"
3172004,"VISCONDE DO RIO BRANCO","VISCONDE DO RIO BRANCO",299,"ZONA DA MATA",Mata
3172103,"VOLTA GRANDE","VOLTA GRANDE",300,"ZONA DA MATA",Mata
3139250,MAMONAS,MAMONAS,641,"NORTE DE MINAS","Norte de Minas"
3140852,"MATIAS CARDOSO","MATIAS CARDOSO",643,"NORTE DE MINAS","Norte de Minas"
3160207,"SANTO ANTÔNIO DO ITAMBÉ","SANTO ANTONIO DO ITAMBE",135,"CENTRAL MINEIRA",Central
"","","DIVERSOS MUNICÍPIOS",999,"",Estadual
"","","DIVERSOS MUNICÍPIOS",854,"CENTRAL MINEIRA",Central
"","","DIVERSOS MUNICÍPIOS",855,"ZONA DA MATA",Mata
"","","DIVERSOS MUNICÍPIOS",856,"SUL/SUDOESTE DE MINAS","Sul de Minas"
"","","DIVERSOS MUNICÍPIOS",857,"TRIÂNGULO MINEIRO/ALTO PARANAÍBA","Triângulo"
"","","DIVERSOS MUNICÍPIOS",858,"TRIÂNGULO MINEIRO/ALTO PARANAÍBA","Alto Paranaíba"
"","","DIVERSOS MUNICÍPIOS",859,"OESTE DE MINAS","Centro Oeste"
"","","DIVERSOS MUNICÍPIOS",860,"NOROESTE DE MINAS","Noroeste de Minas"
"","","DIVERSOS MUNICÍPIOS",861,"NORTE DE MINAS","Norte de Minas"
"","","DIVERSOS MUNICÍPIOS",862,JEQUITINHONHA,"Jequitinhonha / Mucuri"
"","","DIVERSOS MUNICÍPIOS",863,"VALE DO RIO DOCE","Rio Doce"
3114550,CARNEIRINHO,CARNEIRINHO,464,"TRIÂNGULO MINEIRO/ALTO PARANAÍBA","Triângulo"
3117306,"CONCEIÇÃO DAS ALAGOAS","CONCEICAO DAS ALAGOAS",468,"TRIÂNGULO MINEIRO/ALTO PARANAÍBA","Triângulo"
3133402,ITAPAGIPE,ITAPAGIPE,476,"TRIÂNGULO MINEIRO/ALTO PARANAÍBA","Triângulo"
3131158,IPABA,IPABA,792,"VALE DO RIO DOCE","Rio Doce"
3162922,"SÃO JOAQUIM DE BICAS","SAO JOAQUIM DE BICAS",143,"CENTRAL MINEIRA",Central
3108552,"BRASILÂNDIA DE MINAS","BRASILANDIA DE MINAS",580,"NOROESTE DE MINAS","Noroeste de Minas"
3114006,"CARMO DA MATA","CARMO DA MATA",532,"OESTE DE MINAS","Centro Oeste"
3114402,"CARMO DO RIO CLARO","CARMO DO RIO CLARO",338,"SUL/SUDOESTE DE MINAS","Sul de Minas"
3117801,"CONCEIÇÃO DOS OUROS","CONCEICAO DOS OUROS",348,"SUL/SUDOESTE DE MINAS","Sul de Minas"
3127305,"GALILÉIA",GALILEIA,784,"VALE DO RIO DOCE","Rio Doce"
3128907,"GUIMARÂNIA",GUIMARANIA,501,"TRIÂNGULO MINEIRO/ALTO PARANAÍBA","Alto Paranaíba"
3129301,IAPU,IAPU,789,"VALE DO RIO DOCE","Rio Doce"
3133758,"ITAÚ DE MINAS","ITAU DE MINAS",383,"SUL/SUDOESTE DE MINAS","Sul de Minas"
3147709,"PASSA TEMPO","PASSA TEMPO",560,"OESTE DE MINAS","Centro Oeste"
3159803,"SANTA VITÓRIA","SANTA VITORIA",484,"TRIÂNGULO MINEIRO/ALTO PARANAÍBA","Triângulo"
3161502,"SÃO GERALDO","SAO GERALDO",275,"ZONA DA MATA",Mata
3100807,AGUANIL,AGUANIL,522,"OESTE DE MINAS","Centro Oeste"
3101409,ALBERTINA,ALBERTINA,303,"SUL/SUDOESTE DE MINAS","Sul de Minas"
3102050,"ALTO CAPARAÓ","ALTO CAPARAO",162,"ZONA DA MATA",Mata
3102407,"ALVORADA DE MINAS","ALVORADA DE MINAS",4,"CENTRAL MINEIRA",Central
3102704,"CACHOEIRA DE PAJEÚ","CACHOEIRA DE PAJEU",695,JEQUITINHONHA,"Jequitinhonha / Mucuri"
3102852,"ANGELÂNDIA",ANGELANDIA,688,JEQUITINHONHA,"Jequitinhonha / Mucuri"
3103207,"ARAÇAÍ",ARACAI,6,"CENTRAL MINEIRA",Central
3103751,"ARAPORÃ",ARAPORA,458,"TRIÂNGULO MINEIRO/ALTO PARANAÍBA","Triângulo"
3103801,"ARAPUÁ",ARAPUA,492,"TRIÂNGULO MINEIRO/ALTO PARANAÍBA","Alto Paranaíba"
3105202,BANDEIRA,BANDEIRA,692,JEQUITINHONHA,"Jequitinhonha / Mucuri"
3106101,"BELMIRO BRAGA","BELMIRO BRAGA",173,"ZONA DA MATA",Mata
3106606,"BERTÓPOLIS",BERTOPOLIS,694,JEQUITINHONHA,"Jequitinhonha / Mucuri"
3107208,"BOCAINA DE MINAS","BOCAINA DE MINAS",315,"SUL/SUDOESTE DE MINAS","Sul de Minas"
3107604,"BOM JESUS DA PENHA","BOM JESUS DA PENHA",317,"SUL/SUDOESTE DE MINAS","Sul de Minas"
3108255,"BONITO DE MINAS","BONITO DE MINAS",600,"NORTE DE MINAS","Norte de Minas"
3109451,"CABECEIRA GRANDE","CABECEIRA GRANDE",582,"NOROESTE DE MINAS","Noroeste de Minas"
3110400,CAMACHO,CAMACHO,528,"OESTE DE MINAS","Centro Oeste"
3110806,"CAMPANÁRIO",CAMPANARIO,762,"VALE DO RIO DOCE","Rio Doce"
3112653,"CAPITÃO ANDRADE","CAPITAO ANDRADE",764,"VALE DO RIO DOCE","Rio Doce"
3115201,"CONCEIÇÃO DA BARRA DE MINAS","CONCEICAO DA BARRA DE MINAS",32,"CENTRAL MINEIRA",Central
3115359,"CATAS ALTAS","CATAS ALTAS",29,"CENTRAL MINEIRA",Central
3115458,CATUJI,CATUJI,700,JEQUITINHONHA,"Jequitinhonha / Mucuri"
3115474,CATUTI,CATUTI,606,"NORTE DE MINAS","Norte de Minas"
3116100,"CHAPADA DO NORTE","CHAPADA DO NORTE",701,JEQUITINHONHA,"Jequitinhonha / Mucuri"
3117207,"CONCEIÇÃO DAS PEDRAS","CONCEICAO DAS PEDRAS",346,"SUL/SUDOESTE DE MINAS","Sul de Minas"
3119807,"CÓRREGO DANTA","CORREGO DANTA",537,"OESTE DE MINAS","Centro Oeste"
3119955,"CÓRREGO FUNDO","CORREGO FUNDO",538,"OESTE DE MINAS","Centro Oeste"
3120003,"CÓRREGO NOVO","CORREGO NOVO",773,"VALE DO RIO DOCE","Rio Doce"
3120151,"CRISÓLITA",CRISOLITA,704,JEQUITINHONHA,"Jequitinhonha / Mucuri"
3120839,CUPARAQUE,CUPARAQUE,774,"VALE DO RIO DOCE","Rio Doce"
3121100,"DELFIM MOREIRA","DELFIM MOREIRA",356,"SUL/SUDOESTE DE MINAS","Sul de Minas"
3121258,DELTA,DELTA,470,"TRIÂNGULO MINEIRO/ALTO PARANAÍBA","Triângulo"
3121704,"DIOGO DE VASCONCELOS","DIOGO DE VASCONCELOS",50,"CENTRAL MINEIRA",Central
3121902,"DIVINÉSIA",DIVINESIA,191,"ZONA DA MATA",Mata
3122405,"DIVISA NOVA","DIVISA NOVA",358,"SUL/SUDOESTE DE MINAS","Sul de Minas"
3123304,"DORES DO TURVO","DORES DO TURVO",195,"ZONA DA MATA",Mata
3123528,"DURANDÉ",DURANDE,196,"ZONA DA MATA",Mata
3125408,"FELÍCIO DOS SANTOS","FELICIO DOS SANTOS",56,"CENTRAL MINEIRA",Central
3126307,"FORTALEZA DE MINAS","FORTALEZA DE MINAS",365,"SUL/SUDOESTE DE MINAS","Sul de Minas"
3126752,"FRANCISCÓPOLIS",FRANCISCOPOLIS,708,JEQUITINHONHA,"Jequitinhonha / Mucuri"
3126802,"FREI GASPAR","FREI GASPAR",709,JEQUITINHONHA,"Jequitinhonha / Mucuri"
3126950,"FREI LAGONEGRO","FREI LAGONEGRO",783,"VALE DO RIO DOCE","Rio Doce"
3127073,"FRUTA DE LEITE","FRUTA DE LEITE",618,"NORTE DE MINAS","Norte de Minas"
3127354,"GLAUCILÂNDIA",GLAUCILANDIA,620,"NORTE DE MINAS","Norte de Minas"
3127370,GOIABEIRA,GOIABEIRA,785,"VALE DO RIO DOCE","Rio Doce"
3127404,"GONÇALVES",GONCALVES,366,"SUL/SUDOESTE DE MINAS","Sul de Minas"
3128253,GUARACIAMA,GUARACIAMA,622,"NORTE DE MINAS","Norte de Minas"
3129608,"IBIAÍ",IBIAI,623,"NORTE DE MINAS","Norte de Minas"
3129657,IBIRACATU,IBIRACATU,624,"NORTE DE MINAS","Norte de Minas"
3130002,IBITURUNA,IBITURUNA,545,"OESTE DE MINAS","Centro Oeste"
3130507,"ILICÍNEA",ILICINEA,374,"SUL/SUDOESTE DE MINAS","Sul de Minas"
3130556,"IMBÉ DE MINAS","IMBE DE MINAS",790,"VALE DO RIO DOCE","Rio Doce"
3130606,INCONFIDENTES,INCONFIDENTES,375,"SUL/SUDOESTE DE MINAS","Sul de Minas"
3131505,"IPUIÚNA",IPUIUNA,377,"SUL/SUDOESTE DE MINAS","Sul de Minas"
3132800,"ITAMBÉ DO MATO DENTRO","ITAMBE DO MATO DENTRO",71,"CENTRAL MINEIRA",Central
3133600,ITAPEVA,ITAPEVA,382,"SUL/SUDOESTE DE MINAS","Sul de Minas"
3135001,"JAGUARAÇU",JAGUARACU,799,"VALE DO RIO DOCE","Rio Doce"
3135076,JAMPRUCA,JAMPRUCA,800,"VALE DO RIO DOCE","Rio Doce"
3135308,"JAPARAÍBA",JAPARAIBA,550,"OESTE DE MINAS","Centro Oeste"
3136108,"JOANÉSIA",JOANESIA,801,"VALE DO RIO DOCE","Rio Doce"
3136520,"JOSÉ GONÇALVES DE MINAS","JOSE GONCALVES DE MINAS",720,JEQUITINHONHA,"Jequitinhonha / Mucuri"
3136579,"JOSENÓPOLIS",JOSENOPOLIS,634,"NORTE DE MINAS","Norte de Minas"
3136801,JURAMENTO,JURAMENTO,635,"NORTE DE MINAS","Norte de Minas"
3137536,"LAGOA GRANDE","LAGOA GRANDE",588,"NOROESTE DE MINAS","Noroeste de Minas"
3137908,LAMIM,LAMIM,214,"ZONA DA MATA",Mata
3138351,"LEME DO PRADO","LEME DO PRADO",722,JEQUITINHONHA,"Jequitinhonha / Mucuri"
3138625,"LIMEIRA DO OESTE","LIMEIRA DO OESTE",479,"TRIÂNGULO MINEIRO/ALTO PARANAÍBA","Triângulo"
3138674,LUISBURGO,LUISBURGO,218,"ZONA DA MATA",Mata
3140159,"MÁRIO CAMPOS","MARIO CAMPOS",85,"CENTRAL MINEIRA",Central
3140530,"MARTINS SOARES","MARTINS SOARES",223,"ZONA DA MATA",Mata
3140555,"MATA VERDE","MATA VERDE",725,JEQUITINHONHA,"Jequitinhonha / Mucuri"
3141306,MEDEIROS,MEDEIROS,555,"OESTE DE MINAS","Centro Oeste"
3144375,"NATALÂNDIA",NATALANDIA,589,"NOROESTE DE MINAS","Noroeste de Minas"
3144656,NINHEIRA,NINHEIRA,651,"NORTE DE MINAS","Norte de Minas"
3144672,"NOVA BELÉM","NOVA BELEM",813,"VALE DO RIO DOCE","Rio Doce"
3145356,"NOVO ORIENTE DE MINAS","NOVO ORIENTE DE MINAS",731,JEQUITINHONHA,"Jequitinhonha / Mucuri"
3145851,"ORATÓRIOS",ORATORIOS,232,"ZONA DA MATA",Mata
3145877,"ORIZÂNIA",ORIZANIA,233,"ZONA DA MATA",Mata
3146503,PAINS,PAINS,559,"OESTE DE MINAS","Centro Oeste"
3146552,"PAI PEDRO","PAI PEDRO",656,"NORTE DE MINAS","Norte de Minas"
3147808,PASSA-VINTE,PASSA-VINTE,412,"SUL/SUDOESTE DE MINAS","Sul de Minas"
3147956,PATIS,PATIS,657,"NORTE DE MINAS","Norte de Minas"
3148756,"PEDRA BONITA","PEDRA BONITA",238,"ZONA DA MATA",Mata
3149200,"PEDRINÓPOLIS",PEDRINOPOLIS,510,"TRIÂNGULO MINEIRO/ALTO PARANAÍBA","Alto Paranaíba"
3150000,PESCADOR,PESCADOR,818,"VALE DO RIO DOCE","Rio Doce"
3150505,PIMENTA,PIMENTA,564,"OESTE DE MINAS","Centro Oeste"
3150570,"PINTÓPOLIS",PINTOPOLIS,659,"NORTE DE MINAS","Norte de Minas"
3150703,PIRAJUBA,PIRAJUBA,481,"TRIÂNGULO MINEIRO/ALTO PARANAÍBA","Triângulo"
3150901,"PIRANGUÇU",PIRANGUCU,415,"SUL/SUDOESTE DE MINAS","Sul de Minas"
3157252,"SANTA BÁRBARA DO LESTE","SANTA BARBARA DO LESTE",824,"VALE DO RIO DOCE","Rio Doce"
3157377,"SANTA CRUZ DE SALINAS","SANTA CRUZ DE SALINAS",668,"NORTE DE MINAS","Norte de Minas"
3158409,"SANTANA DE CATAGUASES","SANTANA DE CATAGUASES",268,"ZONA DA MATA",Mata
3160504,"SANTO ANTÔNIO DO RIO ABAIXO","SANTO ANTONIO DO RIO ABAIXO",136,"CENTRAL MINEIRA",Central
3160900,"SÃO BRÁS DO SUAÇUÍ","SAO BRAS DO SUACUI",138,"CENTRAL MINEIRA",Central
3160959,"SÃO DOMINGOS DAS DORES","SAO DOMINGOS DAS DORES",830,"VALE DO RIO DOCE","Rio Doce"
3161056,"SÃO FÉLIX DE MINAS","SAO FELIX DE MINAS",831,"VALE DO RIO DOCE","Rio Doce"
3162252,"SÃO JOÃO DA LAGOA","SAO JOAO DA LAGOA",672,"NORTE DE MINAS","Norte de Minas"
3162450,"SÃO JOÃO DAS MISSÕES","SAO JOAO DAS MISSOES",674,"NORTE DE MINAS","Norte de Minas"
3162559,"SÃO JOÃO DO MANHUAÇU","SAO JOAO DO MANHUACU",276,"ZONA DA MATA",Mata
3162658,"SÃO JOÃO DO PACUÍ","SAO JOAO DO PACUI",675,"NORTE DE MINAS","Norte de Minas"
3162948,"SÃO JOSÉ DA BARRA","SAO JOSE DA BARRA",430,"SUL/SUDOESTE DE MINAS","Sul de Minas"
3163201,"SÃO JOSÉ DO ALEGRE","SAO JOSE DO ALEGRE",431,"SUL/SUDOESTE DE MINAS","Sul de Minas"
3163607,"SÃO JOSÉ DO MANTIMENTO","SAO JOSE DO MANTIMENTO",278,"ZONA DA MATA",Mata
3164407,"SÃO SEBASTIÃO DA BELA VISTA","SAO SEBASTIAO DA BELA VISTA",434,"SUL/SUDOESTE DE MINAS","Sul de Minas"
3164431,"SÃO SEBASTIÃO DA VARGEM ALEGRE","SAO SEBASTIAO DA VARGEM ALEGRE",281,"ZONA DA MATA",Mata
3164472,"SÃO SEBASTIÃO DO ANTA","SAO SEBASTIAO DO ANTA",841,"VALE DO RIO DOCE","Rio Doce"
3165503,"SARDOÁ",SARDOA,843,"VALE DO RIO DOCE","Rio Doce"
3165552,SETUBINHA,SETUBINHA,746,JEQUITINHONHA,"Jequitinhonha / Mucuri"
3165560,SEM-PEIXE,SEM-PEIXE,282,"ZONA DA MATA",Mata
3165578,"SENADOR AMARAL","SENADOR AMARAL",441,"SUL/SUDOESTE DE MINAS","Sul de Minas"
3165800,"SENADOR JOSÉ BENTO","SENADOR JOSE BENTO",442,"SUL/SUDOESTE DE MINAS","Sul de Minas"
3166501,"SERRA AZUL DE MINAS","SERRA AZUL DE MINAS",152,"CENTRAL MINEIRA",Central
3167004,SERRANOS,SERRANOS,445,"SUL/SUDOESTE DE MINAS","Sul de Minas"
3168051,TAPARUBA,TAPARUBA,846,"VALE DO RIO DOCE","Rio Doce"
3169059,"TOCOS DO MOJI","TOCOS DO MOJI",448,"SUL/SUDOESTE DE MINAS","Sul de Minas"
3169109,TOLEDO,TOLEDO,449,"SUL/SUDOESTE DE MINAS","Sul de Minas"
3170438,"UNIÃO DE MINAS","UNIAO DE MINAS",489,"TRIÂNGULO MINEIRO/ALTO PARANAÍBA","Triângulo"
3170602,"VARGEM BONITA","VARGEM BONITA",577,"OESTE DE MINAS","Centro Oeste"
3171071,VEREDINHA,VEREDINHA,750,JEQUITINHONHA,"Jequitinhonha / Mucuri"
3172202,"WENCESLAU BRAZ","WENCESLAU BRAZ",455,"SUL/SUDOESTE DE MINAS","Sul de Minas"
